CREATE DATABASE  IF NOT EXISTS `gamecenter` /*!40100 DEFAULT CHARACTER SET utf8 COLLATE utf8_unicode_ci */ /*!80016 DEFAULT ENCRYPTION='N' */;
USE `gamecenter`;
-- MySQL dump 10.13  Distrib 8.0.21, for macos10.15 (x86_64)
--
-- Host: localhost    Database: gamecenter
-- ------------------------------------------------------
-- Server version	8.0.21

/*!40101 SET @OLD_CHARACTER_SET_CLIENT=@@CHARACTER_SET_CLIENT */;
/*!40101 SET @OLD_CHARACTER_SET_RESULTS=@@CHARACTER_SET_RESULTS */;
/*!40101 SET @OLD_COLLATION_CONNECTION=@@COLLATION_CONNECTION */;
/*!50503 SET NAMES utf8 */;
/*!40103 SET @OLD_TIME_ZONE=@@TIME_ZONE */;
/*!40103 SET TIME_ZONE='+00:00' */;
/*!40014 SET @OLD_UNIQUE_CHECKS=@@UNIQUE_CHECKS, UNIQUE_CHECKS=0 */;
/*!40014 SET @OLD_FOREIGN_KEY_CHECKS=@@FOREIGN_KEY_CHECKS, FOREIGN_KEY_CHECKS=0 */;
/*!40101 SET @OLD_SQL_MODE=@@SQL_MODE, SQL_MODE='NO_AUTO_VALUE_ON_ZERO' */;
/*!40111 SET @OLD_SQL_NOTES=@@SQL_NOTES, SQL_NOTES=0 */;

--
-- Table structure for table `accessory_item`
--

DROP TABLE IF EXISTS `accessory_item`;
/*!40101 SET @saved_cs_client     = @@character_set_client */;
/*!50503 SET character_set_client = utf8mb4 */;
CREATE TABLE `accessory_item` (
  `id` int unsigned NOT NULL AUTO_INCREMENT,
  `condition` tinyint unsigned NOT NULL DEFAULT '1',
  PRIMARY KEY (`id`)
) ENGINE=InnoDB AUTO_INCREMENT=1271 DEFAULT CHARSET=utf8 COLLATE=utf8_unicode_ci;
/*!40101 SET character_set_client = @saved_cs_client */;

--
-- Dumping data for table `accessory_item`
--

LOCK TABLES `accessory_item` WRITE;
/*!40000 ALTER TABLE `accessory_item` DISABLE KEYS */;
INSERT INTO `accessory_item` VALUES (1,1),(2,1),(3,1),(4,1),(5,1),(6,1),(7,1),(8,1),(9,1),(10,1),(11,1),(12,1),(13,1),(14,1),(15,1),(16,1),(17,1),(18,1),(19,1),(20,1),(21,1),(22,1),(23,1),(24,1),(25,1),(26,1),(27,1),(28,1),(29,1),(30,1),(31,1),(32,1),(33,1),(34,1),(35,1),(36,1),(37,1),(38,0),(39,1),(40,1),(41,1),(42,1),(43,1),(44,1),(45,0),(46,1),(47,1),(48,1),(49,1),(50,1),(51,1),(52,1),(53,1),(54,1),(55,1),(56,1),(57,1),(58,1),(59,1),(60,1),(61,1),(62,1),(63,1),(64,1),(65,1),(66,1),(67,1),(68,1),(69,1),(70,1),(71,1),(72,1),(73,1),(74,1),(75,1),(76,1),(77,1),(78,1),(79,1),(80,1),(81,1),(82,1),(83,0),(84,1),(85,1),(86,1),(87,1),(88,1),(89,1),(90,1),(91,1),(92,1),(93,1),(94,1),(95,1),(96,0),(97,1),(98,1),(99,1),(100,1),(101,1),(102,1),(103,1),(104,1),(105,1),(106,1),(107,1),(108,1),(109,1),(110,0),(111,1),(112,1),(113,0),(114,1),(115,1),(116,1),(117,1),(118,1),(119,1),(120,1),(121,1),(122,1),(123,1),(124,1),(125,1),(126,1),(127,1),(128,1),(129,1),(130,1),(131,1),(132,1),(133,1),(134,1),(135,1),(136,1),(137,1),(138,1),(139,1),(140,1),(141,1),(142,1),(143,1),(144,1),(145,1),(146,1),(147,1),(148,1),(149,1),(150,1),(151,1),(152,1),(153,1),(154,1),(155,1),(156,1),(157,1),(158,1),(159,1),(160,1),(161,1),(162,1),(163,1),(164,1),(165,1),(166,1),(167,1),(168,1),(169,1),(170,1),(171,1),(172,1),(173,0),(174,1),(175,1),(176,1),(177,1),(178,1),(179,1),(180,1),(181,1),(182,1),(183,1),(184,1),(185,1),(186,1),(187,1),(188,1),(189,1),(190,1),(191,1),(192,1),(193,1),(194,1),(195,1),(196,1),(197,1),(198,1),(199,1),(200,1),(201,1),(202,1),(203,1),(204,1),(205,1),(206,1),(207,1),(208,1),(209,1),(210,1),(211,0),(212,1),(213,0),(214,1),(215,1),(216,1),(217,1),(218,1),(219,1),(220,1),(221,1),(222,1),(223,1),(224,0),(225,1),(226,1),(227,1),(228,1),(229,1),(230,0),(231,1),(232,1),(233,1),(234,1),(235,0),(236,1),(237,1),(238,1),(239,1),(240,1),(241,0),(242,1),(243,1),(244,1),(245,1),(246,1),(247,1),(248,1),(249,1),(250,1),(251,1),(252,1),(253,1),(254,1),(255,1),(256,1),(257,1),(258,1),(259,1),(260,1),(261,1),(262,1),(263,1),(264,1),(265,1),(266,1),(267,1),(268,1),(269,1),(270,1),(271,1),(272,1),(273,1),(274,1),(275,1),(276,1),(277,0),(278,1),(279,1),(280,1),(281,1),(282,1),(283,1),(284,1),(285,1),(286,1),(287,1),(288,1),(289,1),(290,1),(291,1),(292,1),(293,1),(294,1),(295,1),(296,1),(297,1),(298,1),(299,1),(300,1),(301,1),(302,1),(303,1),(304,1),(305,1),(306,1),(307,1),(308,1),(309,1),(310,1),(311,0),(312,1),(313,1),(314,1),(315,1),(316,1),(317,1),(318,1),(319,1),(320,1),(321,1),(322,1),(323,1),(324,1),(325,1),(326,1),(327,1),(328,1),(329,1),(330,1),(331,1),(332,1),(333,1),(334,1),(335,1),(336,1),(337,0),(338,1),(339,1),(340,1),(341,1),(342,1),(343,1),(344,1),(345,1),(346,1),(347,1),(348,1),(349,1),(350,1),(351,1),(352,1),(353,1),(354,1),(355,1),(356,1),(357,1),(358,1),(359,1),(360,1),(361,1),(362,1),(363,1),(364,1),(365,1),(366,1),(367,1),(368,0),(369,1),(370,1),(371,1),(372,1),(373,1),(374,1),(375,1),(376,0),(377,1),(378,1),(379,1),(380,1),(381,1),(382,1),(383,0),(384,1),(385,1),(386,1),(387,1),(388,1),(389,1),(390,1),(391,1),(392,1),(393,1),(394,1),(395,1),(396,1),(397,1),(398,1),(399,1),(400,1),(401,1),(402,1),(403,1),(404,1),(405,1),(406,1),(407,1),(408,1),(409,1),(410,1),(411,0),(412,1),(413,1),(414,1),(415,0),(416,1),(417,1),(418,1),(419,0),(420,1),(421,1),(422,1),(423,1),(424,1),(425,1),(426,1),(427,1),(428,1),(429,1),(430,1),(431,1),(432,1),(433,1),(434,1),(435,1),(436,1),(437,1),(438,1),(439,1),(440,1),(441,1),(442,1),(443,1),(444,1),(445,1),(446,1),(447,1),(448,1),(449,1),(450,1),(451,1),(452,1),(453,1),(454,1),(455,0),(456,1),(457,0),(458,1),(459,1),(460,1),(461,1),(462,1),(463,1),(464,1),(465,1),(466,1),(467,1),(468,1),(469,1),(470,1),(471,1),(472,1),(473,1),(474,1),(475,1),(476,1),(477,1),(478,1),(479,1),(480,1),(481,1),(482,1),(483,1),(484,1),(485,1),(486,1),(487,1),(488,1),(489,1),(490,1),(491,1),(492,1),(493,1),(494,1),(495,1),(496,1),(497,1),(498,1),(499,1),(500,1),(501,1),(502,1),(503,1),(504,1),(505,1),(506,1),(507,1),(508,1),(509,1),(510,1),(511,1),(512,1),(513,1),(514,1),(515,1),(516,1),(517,1),(518,1),(519,1),(520,1),(521,1),(522,1),(523,1),(524,1),(525,1),(526,1),(527,1),(528,1),(529,1),(530,1),(531,1),(532,0),(533,1),(534,1),(535,1),(536,1),(537,1),(538,1),(539,1),(540,1),(541,1),(542,1),(543,1),(544,1),(545,0),(546,1),(547,1),(548,1),(549,1),(550,1),(551,1),(552,1),(553,1),(554,1),(555,1),(556,1),(557,1),(558,1),(559,1),(560,1),(561,1),(562,1),(563,1),(564,1),(565,1),(566,1),(567,1),(568,1),(569,0),(570,1),(571,1),(572,1),(573,1),(574,1),(575,1),(576,1),(577,1),(578,1),(579,1),(580,1),(581,1),(582,1),(583,1),(584,1),(585,1),(586,1),(587,1),(588,1),(589,1),(590,1),(591,1),(592,1),(593,0),(594,0),(595,1),(596,1),(597,1),(598,1),(599,1),(600,1),(601,1),(602,1),(603,1),(604,1),(605,0),(606,1),(607,1),(608,1),(609,1),(610,1),(611,0),(612,1),(613,1),(614,1),(615,1),(616,1),(617,1),(618,1),(619,1),(620,1),(621,1),(622,1),(623,1),(624,0),(625,1),(626,1),(627,1),(628,1),(629,1),(630,0),(631,1),(632,1),(633,1),(634,1),(635,1),(636,1),(637,1),(638,1),(639,1),(640,0),(641,1),(642,1),(643,1),(644,1),(645,1),(646,1),(647,1),(648,1),(649,1),(650,1),(651,1),(652,1),(653,1),(654,1),(655,1),(656,0),(657,1),(658,1),(659,1),(660,1),(661,1),(662,1),(663,1),(664,1),(665,1),(666,1),(667,1),(668,1),(669,1),(670,0),(671,1),(672,1),(673,0),(674,1),(675,1),(676,1),(677,1),(678,1),(679,1),(680,1),(681,1),(682,1),(683,1),(684,1),(685,1),(686,1),(687,1),(688,1),(689,1),(690,1),(691,1),(692,1),(693,1),(694,1),(695,1),(696,1),(697,1),(698,1),(699,1),(700,0),(701,1),(702,1),(703,0),(704,1),(705,1),(706,1),(707,1),(708,1),(709,0),(710,1),(711,1),(712,1),(713,1),(714,1),(715,1),(716,1),(717,1),(718,1),(719,1),(720,1),(721,0),(722,1),(723,1),(724,1),(725,1),(726,1),(727,1),(728,1),(729,1),(730,1),(731,1),(732,1),(733,1),(734,1),(735,1),(736,1),(737,1),(738,1),(739,1),(740,1),(741,1),(742,1),(743,1),(744,1),(745,1),(746,0),(747,1),(748,1),(749,1),(750,1),(751,1),(752,1),(753,1),(754,1),(755,1),(756,0),(757,1),(758,1),(759,1),(760,1),(761,1),(762,1),(763,1),(764,1),(765,1),(766,1),(767,1),(768,1),(769,1),(770,1),(771,1),(772,1),(773,1),(774,1),(775,1),(776,1),(777,1),(778,1),(779,1),(780,1),(781,1),(782,1),(783,1),(784,1),(785,1),(786,1),(787,1),(788,1),(789,1),(790,1),(791,1),(792,1),(793,1),(794,1),(795,1),(796,1),(797,1),(798,1),(799,0),(800,1),(801,1),(802,1),(803,1),(804,1),(805,1),(806,1),(807,1),(808,1),(809,1),(810,1),(811,1),(812,1),(813,1),(814,1),(815,1),(816,1),(817,1),(818,1),(819,1),(820,1),(821,1),(822,1),(823,1),(824,1),(825,1),(826,1),(827,1),(828,1),(829,0),(830,1),(831,1),(832,0),(833,1),(834,1),(835,1),(836,1),(837,1),(838,1),(839,1),(840,1),(841,1),(842,1),(843,1),(844,1),(845,1),(846,1),(847,1),(848,1),(849,1),(850,1),(851,1),(852,1),(853,1),(854,1),(855,1),(856,1),(857,1),(858,1),(859,1),(860,1),(861,1),(862,1),(863,1),(864,1),(865,1),(866,1),(867,1),(868,1),(869,1),(870,1),(871,1),(872,1),(873,1),(874,1),(875,1),(876,1),(877,1),(878,1),(879,0),(880,1),(881,1),(882,1),(883,1),(884,1),(885,1),(886,1),(887,1),(888,1),(889,1),(890,1),(891,1),(892,1),(893,1),(894,1),(895,1),(896,0),(897,1),(898,1),(899,1),(900,1),(901,1),(902,1),(903,1),(904,1),(905,0),(906,1),(907,1),(908,1),(909,1),(910,1),(911,1),(912,1),(913,1),(914,1),(915,1),(916,1),(917,0),(918,1),(919,1),(920,1),(921,1),(922,1),(923,1),(924,1),(925,1),(926,1),(927,1),(928,1),(929,1),(930,1),(931,1),(932,0),(933,0),(934,1),(935,1),(936,1),(937,1),(938,1),(939,1),(940,1),(941,1),(942,1),(943,0),(944,1),(945,1),(946,1),(947,1),(948,0),(949,1),(950,1),(951,1),(952,1),(953,0),(954,1),(955,1),(956,1),(957,1),(958,1),(959,1),(960,1),(961,0),(962,1),(963,1),(964,1),(965,1),(966,1),(967,1),(968,1),(969,1),(970,0),(971,1),(972,1),(973,1),(974,1),(975,1),(976,1),(977,1),(978,1),(979,1),(980,1),(981,1),(982,1),(983,1),(984,1),(985,1),(986,1),(987,1),(988,1),(989,1),(990,1),(991,1),(992,1),(993,1),(994,1),(995,1),(996,1),(997,1),(998,1),(999,1),(1000,1),(1001,1),(1002,1),(1003,1),(1004,0),(1005,1),(1006,1),(1007,1),(1008,1),(1009,0),(1010,1),(1011,1),(1012,1),(1013,1),(1014,1),(1015,1),(1016,1),(1017,1),(1018,1),(1019,1),(1020,1),(1021,1),(1022,1),(1023,1),(1024,0),(1025,1),(1026,1),(1027,1),(1028,1),(1029,1),(1030,1),(1031,1),(1032,1),(1033,1),(1034,0),(1035,1),(1036,1),(1037,1),(1038,1),(1039,1),(1040,1),(1041,1),(1042,1),(1043,1),(1044,1),(1045,1),(1046,1),(1047,1),(1048,0),(1049,1),(1050,1),(1051,1),(1052,1),(1053,1),(1054,1),(1055,1),(1056,1),(1057,0),(1058,1),(1059,1),(1060,1),(1061,1),(1062,1),(1063,1),(1064,1),(1065,1),(1066,1),(1067,1),(1068,1),(1069,1),(1070,1),(1071,1),(1072,1),(1073,1),(1074,1),(1075,1),(1076,1),(1077,1),(1078,1),(1079,1),(1080,1),(1081,1),(1082,1),(1083,1),(1084,1),(1085,1),(1086,1),(1087,1),(1088,1),(1089,1),(1090,1),(1091,1),(1092,1),(1093,1),(1094,1),(1095,1),(1096,1),(1097,1),(1098,0),(1099,1),(1100,1),(1101,1),(1102,1),(1103,1),(1104,0),(1105,1),(1106,1),(1107,1),(1108,1),(1109,1),(1110,1),(1111,1),(1112,1),(1113,1),(1114,1),(1115,1),(1116,1),(1117,1),(1118,1),(1119,1),(1120,1),(1121,1),(1122,1),(1123,1),(1124,1),(1125,1),(1126,1),(1127,1),(1128,1),(1129,1),(1130,1),(1131,1),(1132,1),(1133,1),(1134,1),(1135,1),(1136,1),(1137,1),(1138,1),(1139,1),(1140,1),(1141,1),(1142,1),(1143,1),(1144,1),(1145,1),(1146,1),(1147,1),(1148,1),(1149,1),(1150,1),(1151,1),(1152,1),(1153,1),(1154,1),(1155,1),(1156,1),(1157,1),(1158,1),(1159,1),(1160,1),(1161,1),(1162,1),(1163,1),(1164,1),(1165,1),(1166,1),(1167,1),(1168,1),(1169,1),(1170,1),(1171,1),(1172,1),(1173,1),(1174,1),(1175,1),(1176,1),(1177,1),(1178,1),(1179,1),(1180,1),(1181,1),(1182,1),(1183,1),(1184,1),(1185,1),(1186,1),(1187,1),(1188,1),(1189,1),(1190,1),(1191,1),(1192,1),(1193,1),(1194,1),(1195,1),(1196,1),(1197,1),(1198,1),(1199,1),(1200,1),(1201,0),(1202,1),(1203,1),(1204,1),(1205,1),(1206,1),(1207,1),(1208,1),(1209,1),(1210,1),(1211,0),(1212,1),(1213,1),(1214,1),(1215,1),(1216,1),(1217,1),(1218,1),(1219,1),(1220,1),(1221,1),(1222,1),(1223,1),(1224,1),(1225,1),(1226,1),(1227,1),(1228,1),(1229,1),(1230,1),(1231,1),(1232,1),(1233,1),(1234,1),(1235,1),(1236,1),(1237,1),(1238,1),(1239,1),(1240,1),(1241,1),(1242,1),(1243,1),(1244,1),(1245,1),(1246,1),(1247,1),(1248,1),(1249,1),(1250,1),(1251,1),(1252,1),(1253,1),(1254,1),(1255,1),(1256,1),(1257,1),(1258,0),(1259,0),(1260,1),(1261,1),(1262,1),(1263,1),(1264,1),(1265,1),(1266,1),(1267,1),(1268,1),(1269,1),(1270,1);
/*!40000 ALTER TABLE `accessory_item` ENABLE KEYS */;
UNLOCK TABLES;

--
-- Table structure for table `address`
--

DROP TABLE IF EXISTS `address`;
/*!40101 SET @saved_cs_client     = @@character_set_client */;
/*!50503 SET character_set_client = utf8mb4 */;
CREATE TABLE `address` (
  `id` int unsigned NOT NULL AUTO_INCREMENT,
  `city` varchar(40) COLLATE utf8_unicode_ci NOT NULL,
  `street` varchar(100) COLLATE utf8_unicode_ci NOT NULL,
  `house` varchar(10) COLLATE utf8_unicode_ci NOT NULL,
  `latitude` float(10,6) NOT NULL,
  `longitude` float(10,6) NOT NULL,
  PRIMARY KEY (`id`)
) ENGINE=InnoDB AUTO_INCREMENT=6 DEFAULT CHARSET=utf8 COLLATE=utf8_unicode_ci;
/*!40101 SET character_set_client = @saved_cs_client */;

--
-- Dumping data for table `address`
--

LOCK TABLES `address` WRITE;
/*!40000 ALTER TABLE `address` DISABLE KEYS */;
INSERT INTO `address` VALUES (1,'Kazan','Leningradskaya','70',55.870239,49.087429),(2,'Kazan','Maksimova','1',55.859840,49.097717),(3,'Kazan','Baumana','60',55.790264,49.115665),(4,'Moscow','Arbat','42',55.748348,37.586899),(5,'Kazan','Gagrina','105',55.837025,49.074078);
/*!40000 ALTER TABLE `address` ENABLE KEYS */;
UNLOCK TABLES;

--
-- Table structure for table `admin`
--

DROP TABLE IF EXISTS `admin`;
/*!40101 SET @saved_cs_client     = @@character_set_client */;
/*!50503 SET character_set_client = utf8mb4 */;
CREATE TABLE `admin` (
  `id` int unsigned NOT NULL AUTO_INCREMENT,
  `salary` double unsigned NOT NULL,
  `game_center_id` int unsigned NOT NULL,
  `person_id` int unsigned NOT NULL,
  PRIMARY KEY (`id`),
  KEY `fk__admin_game_center_id_idx` (`game_center_id`),
  KEY `fk_admin_person1_idx` (`person_id`),
  CONSTRAINT `fk__admin_game_center_id` FOREIGN KEY (`game_center_id`) REFERENCES `game_center` (`id`) ON DELETE CASCADE ON UPDATE CASCADE,
  CONSTRAINT `fk_admin_person1` FOREIGN KEY (`person_id`) REFERENCES `person` (`id`)
) ENGINE=InnoDB AUTO_INCREMENT=16 DEFAULT CHARSET=utf8 COLLATE=utf8_unicode_ci;
/*!40101 SET character_set_client = @saved_cs_client */;

--
-- Dumping data for table `admin`
--

LOCK TABLES `admin` WRITE;
/*!40000 ALTER TABLE `admin` DISABLE KEYS */;
INSERT INTO `admin` VALUES (1,26017,1,1),(2,29133,1,12),(3,25472,1,6),(4,29754,2,10),(5,25714,2,8),(6,23424,2,5),(7,26398,3,3),(8,21287,3,9),(9,21913,3,15),(10,26237,4,7),(11,25397,4,14),(12,29076,4,4),(13,20897,5,13),(14,22855,5,2),(15,26520,5,11);
/*!40000 ALTER TABLE `admin` ENABLE KEYS */;
UNLOCK TABLES;

--
-- Table structure for table `booking`
--

DROP TABLE IF EXISTS `booking`;
/*!40101 SET @saved_cs_client     = @@character_set_client */;
/*!50503 SET character_set_client = utf8mb4 */;
CREATE TABLE `booking` (
  `id` int unsigned NOT NULL AUTO_INCREMENT,
  `position_id` int unsigned NOT NULL,
  `datetime_start` datetime NOT NULL,
  `tariff_id` int unsigned NOT NULL,
  PRIMARY KEY (`id`),
  KEY `fk__booking_position_id_idx` (`position_id`),
  KEY `fk_booking_tariff1_idx` (`tariff_id`),
  KEY `bookimg_index` (`datetime_start`),
  CONSTRAINT `fk__booking_position_id` FOREIGN KEY (`position_id`) REFERENCES `position` (`id`),
  CONSTRAINT `fk_booking_tariff1` FOREIGN KEY (`tariff_id`) REFERENCES `tariff` (`id`)
) ENGINE=InnoDB AUTO_INCREMENT=701 DEFAULT CHARSET=utf8 COLLATE=utf8_unicode_ci;
/*!40101 SET character_set_client = @saved_cs_client */;

--
-- Dumping data for table `booking`
--

LOCK TABLES `booking` WRITE;
/*!40000 ALTER TABLE `booking` DISABLE KEYS */;
INSERT INTO `booking` VALUES (1,346,'2013-11-23 19:21:15',2),(2,205,'1987-02-11 17:55:06',18),(3,21,'2005-03-29 14:40:08',16),(4,178,'1984-09-26 15:55:12',4),(5,108,'2014-09-22 07:58:36',19),(6,275,'2010-08-28 02:47:11',10),(7,97,'1984-02-12 03:17:14',1),(8,119,'2017-09-27 09:45:03',6),(9,266,'2016-11-22 20:30:20',20),(10,222,'2000-01-03 19:17:30',7),(11,143,'2010-04-24 16:42:36',5),(12,362,'2004-10-18 21:08:31',6),(13,11,'2008-06-16 23:24:35',17),(14,300,'1987-10-22 17:40:53',9),(15,339,'2008-03-17 10:10:18',9),(16,196,'1985-05-26 10:11:00',3),(17,220,'2003-09-11 23:56:06',15),(18,74,'2007-07-16 18:10:24',4),(19,24,'1985-09-06 07:50:29',7),(20,120,'2006-03-17 09:41:55',8),(21,108,'2015-04-09 07:34:04',2),(22,304,'1977-11-26 08:24:05',14),(23,215,'2020-06-20 06:39:58',16),(24,15,'2006-03-17 06:50:42',11),(25,272,'1977-03-20 01:17:55',9),(26,301,'1983-05-03 17:27:12',11),(27,159,'2004-06-06 02:21:28',12),(28,52,'1984-09-22 01:39:14',3),(29,87,'2005-02-10 10:47:41',18),(30,193,'2002-02-02 12:52:27',19),(31,7,'1980-03-26 10:51:56',20),(32,256,'1993-06-12 20:29:57',14),(33,35,'1970-09-10 01:57:23',16),(34,172,'2015-05-21 06:11:15',3),(35,180,'1993-05-22 04:40:24',16),(36,371,'2018-03-28 17:46:39',5),(37,156,'1978-05-31 11:20:18',18),(38,38,'2019-09-09 04:57:25',19),(39,181,'2000-07-18 06:13:21',12),(40,96,'2008-03-18 21:45:58',4),(41,209,'2015-11-08 16:11:58',15),(42,6,'1995-06-26 09:00:36',10),(43,311,'2017-09-09 01:21:11',15),(44,47,'2005-02-12 11:54:44',12),(45,310,'2010-10-15 22:44:48',15),(46,330,'2009-05-20 07:42:58',20),(47,321,'2001-12-28 05:54:10',16),(48,278,'1989-09-29 15:11:33',10),(49,350,'2016-11-26 05:37:24',15),(50,299,'1981-10-08 16:17:32',10),(51,244,'1981-05-22 12:33:58',9),(52,37,'1986-06-25 18:15:08',19),(53,248,'2000-07-04 08:05:13',4),(54,373,'1989-04-26 05:01:51',13),(55,30,'2001-04-07 00:12:14',6),(56,13,'2020-12-13 23:45:14',15),(57,80,'1982-07-22 14:21:50',19),(58,51,'1978-06-03 05:37:31',14),(59,262,'1978-06-01 04:20:04',4),(60,285,'2003-04-26 09:50:32',9),(61,103,'1980-04-12 01:36:43',10),(62,227,'1989-03-25 23:37:23',18),(63,266,'2017-02-16 07:06:10',2),(64,128,'1997-06-10 05:38:28',14),(65,207,'1976-09-12 11:17:07',12),(66,64,'2012-06-30 00:15:37',15),(67,192,'2008-06-30 07:22:37',11),(68,358,'2010-10-21 13:11:25',12),(69,137,'1999-03-20 16:21:03',9),(70,337,'1995-01-08 12:43:04',4),(71,308,'1970-07-06 10:27:50',9),(72,234,'1970-05-05 06:15:27',15),(73,59,'1971-09-08 14:43:52',3),(74,346,'1975-03-31 13:11:35',5),(75,153,'1993-08-17 18:00:36',19),(76,10,'1987-07-20 09:23:17',13),(77,358,'2014-06-06 19:16:25',10),(78,295,'1971-10-29 23:51:06',9),(79,125,'1980-01-30 04:05:14',8),(80,369,'2001-10-23 19:29:13',7),(81,222,'2002-04-01 06:03:33',1),(82,114,'1993-09-25 13:26:36',12),(83,113,'1986-12-17 19:17:18',19),(84,236,'2018-02-17 01:28:51',1),(85,114,'1970-04-17 00:21:19',2),(86,94,'1996-12-12 16:11:13',5),(87,27,'1996-07-08 13:10:31',7),(88,131,'1971-11-13 04:29:37',10),(89,181,'1998-04-27 15:22:12',16),(90,294,'2006-04-20 23:11:26',6),(91,367,'1983-05-10 00:18:03',8),(92,343,'2020-09-13 01:02:17',11),(93,338,'1983-04-22 18:43:36',8),(94,34,'1985-02-08 14:20:06',3),(95,20,'1983-01-17 13:56:52',6),(96,238,'2006-02-19 03:07:21',6),(97,109,'1992-11-10 09:25:20',14),(98,115,'2019-12-17 22:40:42',17),(99,229,'1971-12-15 06:58:45',16),(100,243,'1988-02-08 11:59:38',17),(101,112,'1989-07-24 07:27:53',12),(102,359,'1993-09-20 20:42:30',11),(103,88,'1999-04-15 16:03:20',8),(104,125,'1973-06-01 09:25:20',3),(105,239,'2004-09-06 07:32:23',15),(106,343,'1989-04-01 05:39:32',9),(107,139,'1987-10-17 22:29:10',10),(108,194,'1981-10-16 17:52:53',17),(109,277,'2008-07-09 03:12:49',2),(110,334,'1988-01-13 22:36:25',1),(111,170,'1983-12-12 23:46:37',15),(112,300,'1978-07-12 18:08:00',8),(113,306,'1988-05-15 14:23:35',16),(114,235,'1995-08-03 01:44:28',8),(115,369,'1988-10-01 22:33:37',2),(116,237,'1982-10-21 07:20:34',6),(117,366,'2006-08-03 06:59:12',3),(118,271,'2018-01-26 13:12:57',16),(119,170,'1984-04-22 19:42:35',19),(120,196,'2002-12-20 01:52:50',9),(121,360,'2011-05-10 18:05:16',20),(122,101,'2007-09-05 17:51:28',17),(123,60,'1982-11-07 13:43:24',4),(124,262,'1990-07-24 14:45:32',17),(125,38,'2010-11-07 17:40:18',2),(126,373,'1974-09-14 21:06:00',18),(127,256,'1972-12-16 06:43:34',3),(128,366,'1986-07-27 07:46:57',18),(129,197,'1971-07-31 05:47:46',5),(130,243,'1977-10-15 01:46:36',10),(131,322,'1989-06-22 23:13:56',6),(132,325,'1997-10-24 07:03:06',1),(133,336,'1992-07-28 15:44:59',13),(134,32,'2011-06-09 22:58:30',9),(135,14,'2016-01-26 20:31:01',19),(136,199,'1975-03-16 02:58:18',15),(137,347,'2009-06-23 07:43:44',6),(138,263,'1970-02-26 04:58:09',10),(139,70,'1993-06-23 14:37:19',11),(140,32,'2015-05-08 01:55:09',13),(141,9,'2008-04-21 07:06:34',15),(142,289,'1984-08-09 20:34:02',5),(143,155,'1975-01-07 17:41:12',16),(144,76,'1987-02-14 09:52:25',13),(145,292,'1979-02-26 15:33:12',2),(146,101,'1994-07-25 11:37:03',8),(147,226,'2005-05-07 19:31:19',11),(148,250,'1999-07-06 10:02:34',6),(149,289,'2006-06-02 23:46:24',16),(150,217,'2003-09-14 04:29:16',1),(151,83,'2014-08-06 02:42:17',7),(152,128,'2001-10-21 15:34:01',7),(153,312,'2013-10-22 22:40:08',8),(154,103,'2002-11-18 17:33:14',5),(155,258,'2015-11-13 19:40:56',9),(156,201,'1970-10-26 21:53:13',5),(157,83,'1983-11-24 05:07:42',7),(158,113,'1988-04-13 06:15:03',18),(159,58,'1987-11-06 13:40:02',10),(160,64,'2002-04-29 06:55:31',16),(161,118,'2014-05-23 08:17:32',7),(162,322,'2002-07-20 09:35:12',17),(163,343,'1978-06-28 16:35:28',15),(164,85,'2013-09-22 03:15:15',6),(165,3,'1990-03-04 07:30:50',1),(166,315,'1988-05-15 12:47:06',5),(167,132,'1970-02-03 02:14:53',12),(168,339,'1982-03-29 07:11:04',19),(169,100,'1978-03-19 04:33:56',18),(170,344,'1997-09-09 09:58:29',8),(171,314,'1972-08-18 08:16:43',18),(172,320,'1985-02-09 05:57:27',19),(173,315,'2003-05-04 20:49:45',17),(174,281,'2009-05-07 09:48:00',17),(175,306,'1982-11-19 06:07:10',9),(176,250,'1970-05-07 07:05:23',14),(177,195,'1991-10-22 10:14:05',12),(178,151,'1984-10-03 23:52:47',3),(179,313,'1983-09-28 05:21:08',19),(180,338,'1981-04-14 07:36:54',13),(181,270,'2005-10-09 11:44:51',9),(182,310,'1998-03-10 03:34:16',1),(183,365,'2015-01-14 01:49:44',13),(184,233,'1971-09-09 03:32:59',2),(185,211,'1983-07-30 05:56:01',14),(186,262,'1980-05-26 17:28:15',11),(187,236,'1999-11-04 03:48:20',15),(188,353,'2001-01-08 02:18:44',18),(189,232,'1974-07-30 13:34:14',3),(190,62,'1982-08-03 05:52:37',17),(191,184,'1996-06-20 16:44:30',8),(192,272,'1994-03-27 03:50:57',6),(193,258,'2020-02-15 15:37:12',11),(194,337,'1970-05-26 22:15:48',2),(195,256,'2020-12-10 22:17:28',3),(196,74,'2000-09-12 06:47:24',19),(197,328,'2018-06-18 03:46:32',10),(198,366,'1995-05-13 20:11:54',2),(199,347,'1985-10-25 13:25:52',19),(200,24,'1994-03-07 11:59:05',3),(201,38,'2017-11-19 08:20:23',15),(202,242,'1972-01-24 10:22:54',2),(203,32,'2014-10-30 12:54:06',18),(204,113,'1971-12-03 17:45:06',11),(205,208,'1975-02-17 18:47:27',19),(206,370,'1996-11-23 09:45:15',4),(207,299,'2001-03-28 05:05:01',3),(208,291,'1991-04-15 04:44:52',4),(209,47,'2000-03-09 18:24:36',3),(210,362,'2005-04-24 14:41:28',17),(211,137,'2015-11-29 07:07:47',5),(212,5,'1991-01-09 15:20:19',7),(213,103,'2020-01-05 16:06:20',8),(214,182,'2005-03-18 21:42:59',14),(215,166,'1976-08-26 19:29:33',5),(216,305,'1995-01-25 12:33:25',17),(217,204,'2015-12-04 11:24:33',7),(218,84,'2009-02-23 12:33:36',8),(219,302,'2005-11-14 16:43:55',14),(220,10,'1995-01-15 15:31:36',12),(221,207,'2014-04-01 15:13:09',11),(222,279,'2001-07-02 00:56:56',5),(223,193,'2004-08-19 17:02:42',12),(224,363,'1990-05-28 16:57:04',9),(225,304,'2013-01-14 09:22:54',12),(226,257,'1995-05-13 08:17:51',6),(227,129,'1994-03-15 19:06:22',3),(228,18,'1993-07-26 09:27:49',17),(229,277,'1987-02-03 16:37:07',12),(230,295,'2016-03-05 05:25:23',16),(231,189,'2012-07-18 13:43:41',11),(232,200,'1971-04-18 04:49:09',5),(233,53,'2007-03-20 15:07:39',6),(234,186,'2011-11-26 08:50:58',1),(235,252,'1984-04-20 11:05:47',13),(236,331,'1991-01-02 09:25:57',3),(237,178,'1971-10-15 00:46:32',15),(238,202,'2002-03-18 09:15:59',14),(239,270,'2015-04-17 07:07:26',16),(240,61,'2007-05-22 15:46:46',18),(241,169,'1983-12-21 08:37:16',4),(242,124,'1978-06-16 10:12:25',19),(243,318,'1985-01-23 00:40:43',8),(244,98,'2001-02-27 04:29:51',13),(245,19,'1978-04-13 13:22:31',15),(246,113,'1989-03-19 20:08:15',10),(247,256,'1990-06-02 16:51:47',6),(248,44,'2014-05-25 07:40:03',11),(249,241,'1991-07-16 03:52:34',18),(250,227,'1982-03-16 11:47:02',14),(251,52,'2006-02-28 05:14:24',6),(252,119,'2004-12-11 07:12:25',1),(253,79,'2011-05-25 02:32:39',12),(254,215,'1990-03-14 21:17:08',5),(255,150,'2005-12-26 22:00:45',9),(256,82,'1988-04-20 15:34:55',9),(257,14,'2014-04-16 02:09:37',5),(258,213,'1984-02-29 21:20:46',5),(259,47,'2011-04-22 03:04:45',13),(260,293,'2016-04-25 17:31:29',19),(261,274,'1995-07-15 02:18:34',3),(262,354,'2020-10-06 04:49:41',9),(263,197,'2009-11-06 00:02:44',8),(264,262,'1973-09-21 06:39:57',7),(265,262,'1995-07-31 10:25:10',5),(266,266,'1975-04-14 19:22:18',3),(267,364,'2014-12-29 05:15:30',16),(268,58,'2006-01-01 13:22:29',10),(269,136,'1986-03-11 13:47:58',4),(270,312,'1978-05-07 11:56:51',14),(271,301,'1983-07-19 14:54:28',15),(272,136,'2013-05-01 19:15:13',15),(273,294,'2009-06-27 12:01:11',13),(274,163,'1973-04-13 13:44:37',4),(275,118,'1985-08-17 23:58:21',10),(276,166,'1976-12-18 09:09:26',5),(277,195,'2006-09-26 04:28:51',4),(278,15,'1983-06-16 08:46:08',18),(279,317,'1977-08-09 02:27:37',1),(280,190,'1999-12-07 17:06:56',15),(281,265,'2016-09-04 04:12:30',11),(282,117,'2008-08-10 20:11:48',10),(283,18,'1974-05-16 21:57:25',7),(284,53,'2007-01-07 10:01:54',8),(285,11,'1994-03-27 03:42:12',8),(286,246,'2019-12-03 08:47:02',8),(287,322,'2003-10-09 04:38:29',16),(288,228,'1987-02-19 04:10:35',15),(289,262,'2020-02-01 20:06:35',10),(290,287,'2014-04-15 23:57:15',18),(291,240,'1983-05-11 09:50:48',4),(292,329,'1990-01-15 00:54:21',8),(293,298,'2009-01-01 11:31:15',10),(294,267,'2010-05-26 02:01:15',2),(295,179,'1995-01-11 07:41:08',8),(296,185,'2017-10-27 14:51:14',20),(297,187,'2011-04-26 08:02:39',15),(298,55,'1991-08-19 10:03:03',8),(299,146,'2009-08-27 15:07:13',11),(300,281,'1973-09-21 03:17:49',18),(301,186,'2004-03-05 23:22:06',19),(302,368,'1984-03-26 22:10:57',15),(303,265,'2009-10-25 06:10:29',7),(304,172,'1981-06-13 02:39:52',17),(305,295,'2006-02-04 13:03:48',8),(306,288,'1996-07-15 06:10:38',8),(307,354,'1991-10-16 07:50:41',10),(308,113,'1994-12-31 07:23:35',16),(309,308,'1997-04-21 19:28:45',9),(310,9,'1981-07-23 21:38:36',14),(311,348,'1976-08-05 08:43:56',18),(312,161,'1979-08-14 23:53:04',5),(313,274,'2005-11-28 14:55:46',10),(314,17,'2017-09-22 05:16:15',7),(315,357,'2005-01-05 06:47:48',4),(316,250,'1971-10-13 16:01:49',9),(317,119,'2015-01-10 19:02:00',2),(318,262,'1988-09-04 14:39:40',7),(319,163,'1975-11-22 05:46:36',4),(320,107,'2005-04-10 21:44:37',10),(321,163,'2007-08-23 09:54:26',12),(322,185,'1989-07-07 18:39:13',17),(323,304,'1982-11-22 01:58:57',12),(324,356,'1978-03-12 15:54:43',1),(325,89,'1999-02-26 00:13:23',5),(326,340,'1991-12-17 10:51:01',8),(327,85,'2010-06-03 14:13:15',11),(328,258,'1980-06-26 22:42:58',2),(329,292,'1975-06-18 14:29:43',7),(330,164,'2008-10-13 05:55:25',15),(331,87,'1974-11-03 03:42:42',15),(332,102,'2012-03-04 14:09:32',17),(333,218,'2009-01-05 04:32:01',15),(334,14,'1982-11-24 09:19:09',1),(335,288,'2003-01-07 02:37:14',11),(336,295,'1976-10-26 05:19:54',9),(337,257,'1981-10-26 10:36:45',2),(338,323,'1971-05-13 09:41:43',15),(339,22,'2012-04-20 09:53:48',19),(340,61,'1973-04-24 08:10:14',12),(341,369,'1978-05-03 16:40:01',10),(342,270,'2010-01-26 02:21:45',7),(343,61,'1979-03-14 11:42:32',17),(344,369,'2011-07-07 09:54:17',1),(345,144,'2006-09-10 08:57:57',18),(346,317,'2005-09-19 14:58:39',11),(347,101,'1979-08-22 06:44:05',9),(348,139,'2011-02-01 07:42:27',11),(349,298,'1974-02-22 05:51:18',5),(350,319,'1974-07-16 11:29:37',7),(351,100,'1992-08-18 16:55:09',13),(352,41,'1993-04-04 08:20:58',13),(353,300,'2008-07-25 06:16:28',8),(354,293,'2018-08-12 01:03:29',5),(355,38,'2010-06-23 23:11:06',11),(356,94,'2006-04-30 08:23:46',14),(357,114,'2005-01-15 17:25:41',6),(358,367,'1980-06-19 23:10:58',12),(359,51,'2008-10-10 08:14:14',20),(360,104,'2018-07-07 04:01:56',6),(361,166,'1990-02-09 23:30:41',12),(362,4,'2017-04-16 21:12:46',6),(363,170,'2001-09-11 08:38:15',17),(364,32,'1970-12-21 07:43:22',20),(365,64,'2001-03-06 20:53:41',20),(366,244,'2008-08-28 05:22:25',10),(367,339,'1974-06-08 22:03:59',9),(368,148,'1997-01-09 23:25:09',1),(369,14,'2016-02-24 06:11:20',4),(370,10,'2012-02-28 19:36:16',17),(371,367,'1989-09-07 23:19:47',7),(372,5,'2011-08-29 02:33:43',20),(373,224,'1995-08-28 01:16:14',8),(374,281,'1985-09-08 07:43:00',9),(375,335,'1990-01-01 06:37:29',10),(376,66,'1979-06-17 13:30:20',12),(377,308,'1979-08-13 10:02:11',1),(378,96,'1976-03-14 17:35:43',12),(379,188,'1973-02-09 08:56:12',15),(380,327,'1976-10-30 22:33:11',9),(381,163,'1987-12-11 00:29:29',7),(382,303,'2005-07-23 16:31:33',9),(383,245,'2011-01-13 19:14:08',9),(384,327,'1984-10-15 10:39:33',20),(385,51,'2006-11-20 15:20:44',10),(386,152,'2001-02-08 11:56:49',19),(387,160,'1997-08-04 23:35:34',10),(388,255,'2018-01-06 15:56:05',20),(389,352,'1988-07-23 22:52:50',3),(390,21,'1970-10-28 04:22:05',18),(391,75,'2018-01-02 20:05:11',13),(392,367,'1977-03-01 02:50:59',4),(393,57,'2013-09-12 02:23:04',15),(394,374,'1987-07-17 10:07:47',8),(395,274,'2011-04-16 11:31:20',9),(396,96,'2012-10-27 10:03:42',9),(397,182,'2015-03-14 21:04:49',6),(398,303,'1992-04-01 22:50:00',18),(399,282,'2004-05-24 12:27:17',11),(400,128,'2008-02-05 23:24:41',8),(401,171,'1979-03-11 06:32:43',17),(402,331,'1982-11-09 03:43:12',15),(403,181,'1986-01-14 04:26:23',10),(404,334,'1984-11-04 16:17:32',9),(405,2,'1984-10-21 04:38:42',6),(406,364,'1982-11-20 20:14:23',9),(407,79,'1989-03-26 09:54:59',2),(408,163,'2001-10-06 13:20:15',3),(409,245,'1987-06-12 13:50:33',17),(410,315,'1984-11-05 19:52:33',15),(411,75,'1977-04-07 15:28:30',10),(412,260,'1997-11-26 16:59:22',2),(413,34,'2001-10-24 11:33:54',19),(414,215,'2008-12-01 18:19:52',12),(415,151,'1972-10-15 22:45:46',3),(416,190,'1990-09-13 22:47:13',2),(417,29,'1983-04-09 20:59:36',15),(418,347,'2001-03-21 06:05:14',17),(419,309,'2018-03-27 16:29:43',10),(420,282,'2001-03-25 12:28:22',6),(421,39,'1988-09-11 05:48:18',4),(422,128,'1971-12-27 14:38:39',6),(423,12,'2000-11-29 10:07:28',17),(424,196,'1970-07-20 16:03:17',8),(425,177,'2012-02-28 23:34:08',19),(426,282,'1985-04-24 02:37:05',11),(427,40,'1986-10-28 07:01:06',12),(428,123,'1996-05-05 19:59:45',10),(429,199,'1999-05-18 21:59:23',12),(430,98,'1990-01-11 20:11:55',2),(431,255,'2016-02-18 12:59:31',12),(432,307,'2000-03-08 11:33:51',8),(433,216,'2004-02-10 22:32:11',16),(434,259,'1992-09-04 04:04:23',20),(435,88,'1977-03-08 21:10:37',3),(436,97,'2005-09-18 12:53:17',3),(437,93,'1974-12-25 00:09:41',17),(438,68,'2012-12-05 07:13:06',20),(439,208,'1986-11-07 10:52:06',19),(440,151,'2003-07-14 22:42:01',14),(441,42,'1991-06-26 05:52:14',7),(442,239,'1985-11-15 23:22:41',13),(443,131,'1991-02-24 10:36:12',20),(444,231,'2011-06-19 00:54:50',9),(445,13,'2013-09-02 01:55:55',2),(446,126,'1995-04-05 01:11:34',10),(447,240,'1977-09-20 13:10:39',9),(448,264,'1985-08-19 17:08:39',20),(449,197,'1985-07-14 03:13:40',3),(450,176,'2002-09-28 00:54:06',4),(451,251,'2000-02-05 03:56:31',5),(452,158,'1986-12-05 22:37:36',5),(453,235,'1991-10-04 06:44:14',11),(454,309,'1995-08-13 04:28:03',15),(455,196,'2002-08-12 01:51:57',19),(456,176,'1973-04-01 22:40:42',15),(457,313,'1999-06-30 23:20:37',11),(458,195,'1996-01-20 23:39:05',7),(459,79,'1987-01-24 10:01:21',12),(460,300,'1971-09-01 03:29:00',18),(461,305,'1998-01-21 08:43:39',12),(462,50,'2008-08-07 17:20:23',16),(463,258,'2003-06-18 01:58:02',13),(464,262,'1997-01-31 10:47:13',14),(465,291,'2009-11-05 22:12:37',7),(466,132,'1977-08-26 12:52:06',6),(467,286,'1978-11-01 01:16:08',3),(468,17,'1971-06-30 17:06:41',2),(469,292,'1971-06-07 20:30:34',13),(470,327,'2008-07-02 23:02:01',15),(471,241,'1983-07-25 19:15:39',3),(472,77,'1997-04-25 03:56:08',15),(473,212,'2013-10-26 05:24:07',12),(474,26,'1988-12-21 14:06:30',14),(475,112,'2003-10-07 02:20:47',1),(476,24,'2002-11-18 15:18:35',7),(477,340,'1972-04-26 06:49:23',16),(478,203,'1993-08-10 16:30:19',14),(479,13,'1989-04-16 05:28:37',4),(480,232,'1994-08-12 06:46:42',13),(481,220,'1978-11-28 01:21:30',7),(482,239,'2005-06-04 08:06:44',19),(483,362,'1992-05-29 17:40:39',19),(484,110,'2002-10-07 10:21:09',2),(485,293,'1970-01-12 02:17:16',17),(486,202,'1995-11-18 07:40:40',7),(487,57,'1974-11-22 16:37:08',18),(488,214,'2005-12-23 13:11:52',2),(489,39,'1982-05-21 14:01:59',11),(490,71,'2003-09-25 16:11:34',1),(491,345,'2002-08-09 04:36:34',6),(492,143,'2007-10-08 17:30:07',16),(493,35,'1977-07-06 20:41:06',4),(494,116,'1989-08-09 17:04:06',19),(495,33,'1994-05-01 16:38:34',16),(496,104,'1991-06-02 14:20:03',3),(497,227,'1991-08-28 22:02:25',10),(498,367,'1980-07-02 10:32:14',12),(499,108,'2015-12-03 23:10:44',4),(500,52,'1978-11-30 15:07:40',5),(501,63,'2002-06-03 07:06:24',13),(502,348,'2003-10-26 04:18:46',18),(503,297,'1972-02-20 19:14:52',14),(504,279,'1975-04-06 02:22:51',7),(505,260,'1992-03-07 14:01:17',9),(506,16,'1972-10-25 15:31:59',8),(507,236,'1980-09-26 17:36:05',4),(508,367,'1985-02-11 17:11:17',14),(509,12,'1985-12-02 11:42:09',2),(510,148,'2011-08-25 08:51:35',10),(511,157,'2002-05-27 10:13:34',7),(512,362,'1972-11-04 07:56:47',15),(513,247,'1972-07-15 08:07:07',16),(514,338,'1983-07-14 18:59:03',11),(515,340,'2013-06-05 11:01:16',3),(516,278,'1988-11-10 14:37:34',11),(517,17,'1994-10-03 12:31:48',7),(518,216,'1981-01-05 20:27:47',4),(519,223,'2007-10-09 21:32:31',7),(520,244,'1996-06-11 02:53:12',20),(521,139,'1981-08-20 10:07:34',14),(522,365,'1995-09-18 17:08:15',13),(523,193,'1991-08-11 06:00:40',1),(524,93,'2003-05-01 01:17:01',12),(525,356,'1971-08-14 23:57:06',3),(526,17,'2005-09-13 17:28:05',13),(527,237,'1979-08-24 01:00:53',8),(528,283,'1972-01-01 11:17:53',19),(529,36,'1996-03-18 21:07:23',19),(530,349,'1974-03-15 14:08:24',16),(531,64,'1985-06-11 00:43:12',4),(532,317,'1975-10-18 15:56:17',11),(533,338,'2015-05-17 00:34:28',11),(534,218,'2013-06-17 13:46:10',12),(535,316,'1998-08-15 13:38:15',6),(536,287,'2018-10-20 08:01:29',8),(537,334,'2008-06-16 08:38:35',19),(538,35,'1993-06-08 22:56:46',15),(539,200,'1985-06-30 00:26:28',13),(540,185,'1972-11-04 15:27:13',13),(541,212,'1985-09-15 06:35:00',9),(542,185,'1994-05-20 03:07:22',1),(543,67,'1988-02-23 14:26:45',5),(544,8,'2016-01-02 19:29:50',12),(545,43,'1990-06-01 12:43:08',4),(546,104,'2010-03-26 04:03:12',3),(547,343,'2016-08-05 14:53:05',12),(548,332,'1978-12-30 20:33:50',14),(549,247,'1974-11-20 09:24:08',11),(550,264,'1991-09-06 19:53:43',6),(551,91,'1973-02-17 06:58:57',2),(552,143,'1980-02-12 22:31:56',15),(553,175,'1982-04-12 12:12:12',16),(554,72,'1990-05-01 18:03:26',11),(555,61,'1996-08-05 15:19:27',5),(556,244,'1985-03-01 07:44:40',13),(557,120,'2004-10-22 12:14:04',14),(558,114,'2015-01-30 04:05:13',11),(559,283,'2001-04-03 01:51:57',3),(560,278,'1990-03-30 15:14:48',2),(561,338,'1982-12-27 10:18:34',15),(562,135,'1979-04-12 18:02:36',7),(563,177,'2006-03-18 04:14:31',17),(564,136,'2015-08-14 22:16:07',1),(565,196,'2018-06-24 21:49:02',2),(566,280,'2007-01-07 10:20:48',11),(567,89,'1996-10-16 12:26:03',18),(568,101,'1971-01-18 10:00:27',7),(569,305,'1970-12-03 16:33:39',11),(570,115,'1970-12-31 02:15:30',10),(571,33,'1995-05-28 08:51:39',3),(572,355,'1982-08-20 07:31:48',10),(573,85,'1985-11-05 17:01:56',15),(574,228,'1992-04-01 02:03:50',12),(575,25,'1983-07-21 19:25:22',6),(576,42,'1998-11-17 05:51:59',4),(577,124,'1999-11-26 10:18:16',9),(578,265,'1991-02-12 08:01:55',1),(579,186,'1970-11-23 03:45:10',15),(580,61,'1977-10-06 17:11:45',17),(581,273,'1973-02-04 23:01:45',15),(582,51,'2013-07-25 16:37:03',10),(583,217,'1983-05-03 10:43:20',19),(584,123,'1995-10-14 21:51:59',19),(585,149,'2009-07-23 07:03:33',18),(586,14,'2013-02-24 09:41:32',16),(587,232,'2018-04-13 17:48:19',17),(588,98,'1994-08-23 11:53:40',15),(589,66,'1987-10-15 19:48:50',3),(590,37,'1992-04-09 07:27:39',16),(591,166,'1970-12-30 09:49:45',13),(592,63,'2003-04-16 04:02:44',15),(593,136,'1995-10-05 05:37:00',12),(594,70,'2007-09-01 05:50:33',12),(595,316,'1970-04-01 05:29:41',7),(596,74,'2005-03-12 17:39:12',9),(597,261,'2001-12-08 05:44:43',10),(598,138,'1992-03-31 10:51:51',3),(599,67,'1979-08-16 14:29:15',19),(600,107,'1990-09-29 00:32:39',8),(601,206,'1983-09-21 18:28:47',14),(602,307,'1989-01-25 08:01:40',9),(603,174,'2000-04-09 10:56:32',5),(604,93,'2013-07-26 15:54:54',13),(605,342,'1976-12-19 23:03:21',14),(606,295,'2009-08-21 19:52:07',8),(607,309,'1991-03-02 07:49:33',17),(608,299,'1991-10-01 04:31:58',15),(609,8,'2016-04-27 06:15:29',11),(610,371,'1990-01-01 09:54:29',8),(611,94,'1981-12-28 19:47:59',19),(612,125,'1999-08-10 23:50:44',3),(613,174,'1983-04-04 21:11:34',1),(614,360,'2007-04-18 03:41:11',3),(615,202,'1982-09-04 02:54:49',7),(616,205,'2018-04-14 05:59:59',6),(617,204,'1987-06-26 12:17:40',11),(618,314,'1972-11-21 18:32:01',4),(619,231,'2010-07-02 20:14:31',8),(620,287,'2012-05-30 16:02:36',7),(621,66,'1995-06-23 11:24:04',8),(622,264,'2006-05-18 03:13:43',3),(623,34,'1998-06-03 16:28:44',15),(624,167,'2002-04-17 11:31:46',11),(625,8,'1991-06-15 21:01:18',5),(626,371,'2019-06-05 14:24:11',3),(627,141,'1993-02-11 15:19:22',11),(628,218,'1979-12-05 11:42:30',1),(629,130,'1973-04-23 20:32:49',15),(630,350,'1978-10-19 13:37:19',19),(631,93,'1978-04-12 09:28:47',8),(632,303,'2001-12-05 18:36:48',3),(633,34,'1982-05-01 16:22:26',3),(634,190,'1999-02-13 10:34:27',15),(635,14,'2016-12-19 02:47:51',1),(636,162,'2003-11-19 16:28:26',12),(637,109,'2010-05-15 21:37:08',10),(638,50,'1970-12-24 09:43:27',1),(639,232,'2001-05-16 17:10:34',13),(640,328,'1991-04-13 23:15:18',11),(641,35,'2018-05-29 07:19:09',4),(642,332,'2009-11-18 22:17:59',13),(643,43,'2016-10-22 14:15:36',19),(644,191,'1974-08-15 07:30:06',5),(645,96,'1996-05-25 10:32:06',4),(646,41,'1988-11-13 09:38:04',15),(647,363,'2018-08-05 11:05:12',8),(648,153,'1972-11-10 23:59:06',13),(649,263,'1991-05-17 19:56:47',6),(650,337,'2018-06-09 10:53:05',17),(651,373,'1995-08-22 23:51:55',17),(652,338,'1981-04-25 13:18:33',8),(653,145,'2002-03-03 03:08:36',11),(654,53,'2015-07-01 14:11:58',13),(655,136,'2001-10-04 12:59:37',16),(656,324,'2019-09-20 07:20:40',11),(657,315,'1989-05-25 11:48:25',5),(658,62,'1980-08-22 08:27:00',19),(659,366,'1994-10-20 06:49:30',6),(660,79,'1971-12-02 01:46:45',9),(661,10,'1985-11-12 04:15:12',9),(662,199,'1997-11-04 03:54:53',13),(663,47,'1972-01-01 08:33:41',4),(664,52,'1975-05-24 21:42:19',7),(665,357,'1994-12-01 01:05:13',3),(666,206,'1984-09-27 19:52:56',20),(667,284,'1989-01-03 01:51:23',8),(668,129,'1989-08-18 15:17:55',12),(669,13,'1972-03-16 15:42:06',14),(670,8,'2020-02-18 16:46:13',7),(671,197,'2015-01-05 13:31:51',10),(672,281,'1987-07-23 12:10:18',10),(673,284,'2001-12-01 13:01:06',9),(674,50,'1977-03-13 18:23:53',14),(675,99,'2003-08-20 07:55:17',17),(676,295,'2020-11-21 06:27:33',11),(677,140,'2013-12-02 05:40:57',17),(678,314,'1971-02-02 10:35:21',1),(679,161,'2003-11-02 18:36:22',3),(680,61,'1983-05-01 23:23:11',15),(681,161,'2011-04-30 02:24:41',8),(682,275,'1996-03-04 19:12:41',18),(683,282,'2007-01-12 14:04:28',19),(684,35,'1983-06-29 16:34:04',15),(685,43,'1998-04-27 14:46:02',6),(686,82,'1973-02-17 12:22:25',18),(687,365,'1996-12-16 13:48:57',15),(688,250,'1973-06-22 22:13:17',4),(689,290,'1984-12-13 06:09:38',18),(690,193,'2007-12-14 09:13:39',2),(691,38,'2018-04-09 03:30:20',5),(692,226,'1995-01-29 15:07:33',14),(693,258,'1998-10-25 05:57:17',17),(694,347,'1996-04-18 15:57:39',18),(695,38,'1976-03-13 04:52:46',20),(696,328,'2012-10-07 04:16:29',2),(697,350,'2002-09-16 16:13:03',15),(698,345,'1998-04-22 05:58:38',4),(699,56,'2001-09-22 17:24:34',11),(700,219,'1978-01-01 14:48:53',15);
/*!40000 ALTER TABLE `booking` ENABLE KEYS */;
UNLOCK TABLES;

--
-- Table structure for table `device`
--

DROP TABLE IF EXISTS `device`;
/*!40101 SET @saved_cs_client     = @@character_set_client */;
/*!50503 SET character_set_client = utf8mb4 */;
CREATE TABLE `device` (
  `id` int unsigned NOT NULL AUTO_INCREMENT,
  `rating` int unsigned NOT NULL,
  `condition` int unsigned NOT NULL DEFAULT '1',
  `position_id` int unsigned NOT NULL,
  `platform_id` int unsigned NOT NULL,
  `manufacturer_id` int unsigned NOT NULL,
  PRIMARY KEY (`id`),
  KEY `fk_device_position_id_idx` (`position_id`),
  KEY `fk_device_platform1_idx` (`platform_id`),
  KEY `fk_device_manufacturer_id_idx` (`manufacturer_id`),
  CONSTRAINT `fk_device_manufacturer_id` FOREIGN KEY (`manufacturer_id`) REFERENCES `manufacturer` (`id`),
  CONSTRAINT `fk_device_platform_id` FOREIGN KEY (`platform_id`) REFERENCES `platform` (`id`),
  CONSTRAINT `fk_device_position_id` FOREIGN KEY (`position_id`) REFERENCES `position` (`id`)
) ENGINE=InnoDB AUTO_INCREMENT=377 DEFAULT CHARSET=utf8 COLLATE=utf8_unicode_ci;
/*!40101 SET character_set_client = @saved_cs_client */;

--
-- Dumping data for table `device`
--

LOCK TABLES `device` WRITE;
/*!40000 ALTER TABLE `device` DISABLE KEYS */;
INSERT INTO `device` VALUES (1,6,1,7,1,6),(2,9,1,280,1,2),(3,7,1,98,1,2),(4,9,1,196,1,3),(5,9,1,154,1,4),(6,8,1,56,2,4),(7,10,0,187,1,2),(8,7,1,239,3,1),(9,8,1,342,2,5),(10,8,1,33,2,1),(11,8,0,354,1,4),(12,10,1,88,2,2),(13,9,1,273,1,6),(14,10,1,155,1,4),(15,6,1,300,1,3),(16,7,1,335,1,3),(17,8,1,279,1,4),(18,9,1,301,3,5),(19,10,1,252,1,4),(20,7,1,157,1,3),(21,7,1,334,2,5),(22,10,1,351,2,6),(23,7,1,68,1,6),(24,10,1,256,1,1),(25,10,1,339,3,4),(26,8,1,42,2,4),(27,5,1,66,3,3),(28,10,1,80,2,5),(29,5,1,228,1,2),(30,6,1,245,1,2),(31,6,1,99,1,7),(32,6,1,345,1,3),(33,7,1,375,1,6),(34,6,1,53,1,7),(35,9,1,128,1,1),(36,8,0,290,1,5),(37,10,1,366,1,6),(38,6,1,54,1,6),(39,10,1,111,3,6),(40,7,1,282,1,1),(41,5,1,137,1,6),(42,7,1,322,1,4),(43,9,1,125,1,1),(44,8,1,76,2,4),(45,9,1,81,3,2),(46,9,1,31,3,2),(47,9,1,265,1,5),(48,5,1,271,1,1),(49,5,1,92,2,5),(50,9,1,170,1,3),(51,6,1,164,3,3),(52,6,1,32,1,4),(53,8,0,84,3,4),(54,10,1,344,3,7),(55,8,1,119,2,6),(56,10,1,190,3,4),(57,5,1,72,3,5),(58,8,0,162,2,1),(59,6,1,249,2,4),(60,10,0,346,2,5),(61,10,1,259,1,2),(62,6,1,310,3,5),(63,5,1,113,2,3),(64,7,0,227,1,4),(65,10,1,109,3,4),(66,6,1,296,1,4),(67,8,0,306,3,2),(68,7,1,309,2,1),(69,9,1,90,3,5),(70,10,1,103,2,5),(71,5,1,293,2,5),(72,9,1,326,1,6),(73,6,0,289,2,5),(74,7,1,34,1,2),(75,6,1,79,1,4),(76,6,1,93,1,5),(77,6,1,38,1,2),(78,8,1,59,2,4),(79,9,1,117,3,3),(80,7,1,85,1,5),(81,10,1,294,1,1),(82,9,1,91,2,6),(83,6,1,242,1,2),(84,10,0,355,2,5),(85,10,1,313,1,2),(86,7,1,173,3,1),(87,10,1,367,2,1),(88,8,1,324,1,7),(89,5,1,29,2,3),(90,9,1,234,2,5),(91,5,0,263,1,1),(92,9,1,122,2,3),(93,10,1,52,3,1),(94,5,1,320,2,2),(95,9,1,186,1,4),(96,8,1,146,2,6),(97,6,1,202,1,2),(98,8,1,308,1,3),(99,7,1,233,2,2),(100,10,1,150,2,5),(101,8,1,262,1,2),(102,6,1,160,2,7),(103,7,1,55,2,4),(104,7,1,40,3,4),(105,6,1,325,2,3),(106,8,1,104,1,4),(107,10,1,221,1,5),(108,7,1,224,3,1),(109,8,1,22,1,6),(110,10,1,350,3,3),(111,6,1,49,2,2),(112,8,1,331,3,3),(113,6,1,192,2,3),(114,10,1,118,3,3),(115,8,0,199,1,6),(116,7,0,338,3,7),(117,6,1,142,2,6),(118,7,1,9,3,4),(119,10,1,316,2,4),(120,6,1,77,2,1),(121,6,1,133,1,2),(122,8,1,87,2,4),(123,5,1,172,1,1),(124,9,1,61,1,4),(125,9,1,131,1,5),(126,9,1,70,1,1),(127,8,1,176,2,4),(128,9,1,180,3,4),(129,6,1,321,1,3),(130,8,1,12,2,1),(131,6,1,337,1,3),(132,7,1,45,1,7),(133,10,1,204,2,3),(134,9,1,110,3,1),(135,9,1,21,1,4),(136,8,1,258,1,7),(137,6,0,43,2,6),(138,9,0,361,1,6),(139,8,1,132,1,2),(140,6,1,114,3,1),(141,7,1,48,1,5),(142,6,1,302,2,6),(143,5,1,358,1,3),(144,7,0,257,1,2),(145,9,1,158,1,6),(146,5,0,213,3,5),(147,6,1,149,2,3),(148,10,1,365,1,3),(149,9,1,278,2,3),(150,9,1,374,1,4),(151,6,1,373,1,7),(152,8,1,281,3,5),(153,8,1,197,1,2),(154,10,0,189,2,4),(155,10,1,235,1,7),(156,9,0,341,1,4),(157,8,1,151,1,7),(158,9,1,246,1,3),(159,10,1,167,1,7),(160,10,1,37,3,4),(161,9,1,216,1,1),(162,9,1,73,3,6),(163,5,1,208,1,2),(164,9,1,218,1,7),(165,8,1,62,1,3),(166,5,1,283,2,2),(167,10,1,64,1,2),(168,8,1,220,3,4),(169,10,1,332,1,5),(170,9,1,343,1,7),(171,8,1,336,2,7),(172,6,1,121,3,4),(173,7,1,286,3,5),(174,6,1,230,3,1),(175,5,1,254,1,6),(176,6,0,205,1,2),(177,7,1,371,1,1),(178,9,1,75,1,2),(179,8,1,236,1,5),(180,10,0,116,2,7),(181,7,1,23,1,1),(182,9,1,126,2,7),(183,9,1,214,2,5),(184,8,1,11,3,4),(185,10,1,328,1,7),(186,6,1,106,1,5),(187,10,1,105,1,5),(188,6,1,163,2,2),(189,7,1,207,2,5),(190,7,1,349,3,3),(191,8,1,267,3,2),(192,10,1,123,1,4),(193,6,1,315,1,2),(194,7,1,144,1,2),(195,6,1,360,1,7),(196,9,1,264,1,4),(197,7,1,295,2,4),(198,8,1,1,1,5),(199,7,1,140,3,2),(200,10,1,241,3,5),(201,5,1,165,3,3),(202,9,1,41,1,6),(203,5,1,317,2,1),(204,7,1,364,2,5),(205,7,1,50,1,2),(206,5,1,253,1,7),(207,7,1,30,1,4),(208,8,1,268,1,3),(209,6,0,193,2,3),(210,7,1,314,1,7),(211,9,1,171,2,2),(212,8,1,269,3,2),(213,9,1,222,1,6),(214,10,1,28,3,4),(215,8,0,10,1,7),(216,10,1,63,2,3),(217,5,1,65,1,1),(218,5,1,182,3,2),(219,10,1,3,1,2),(220,7,1,124,1,3),(221,7,1,376,1,5),(222,7,1,102,2,7),(223,9,1,6,1,2),(224,6,1,291,2,1),(225,9,1,188,2,4),(226,8,1,240,2,2),(227,8,1,362,1,4),(228,6,1,270,1,4),(229,9,1,175,1,1),(230,10,1,195,3,1),(231,10,1,18,2,7),(232,5,0,191,1,2),(233,10,1,215,3,3),(234,5,1,200,2,5),(235,6,1,203,1,7),(236,8,1,179,1,2),(237,9,1,97,2,3),(238,6,1,353,3,6),(239,9,0,250,1,6),(240,7,1,210,3,5),(241,8,1,275,1,6),(242,10,0,19,1,6),(243,5,1,115,2,1),(244,10,1,78,3,1),(245,8,1,153,1,4),(246,9,0,211,1,6),(247,7,0,311,2,4),(248,6,1,156,1,6),(249,5,1,225,2,6),(250,9,1,255,1,5),(251,7,1,284,2,1),(252,8,1,276,2,5),(253,5,0,244,1,7),(254,7,1,177,1,3),(255,7,1,248,2,4),(256,8,1,357,3,2),(257,5,1,159,1,4),(258,8,1,272,1,6),(259,9,0,5,1,6),(260,5,1,83,2,2),(261,7,1,134,1,3),(262,10,1,287,2,3),(263,10,1,212,1,2),(264,7,0,13,3,6),(265,7,1,372,2,7),(266,7,0,166,3,6),(267,6,1,363,1,6),(268,7,1,69,1,6),(269,5,1,89,2,4),(270,5,1,327,2,3),(271,6,1,297,1,6),(272,5,1,231,1,6),(273,7,0,368,3,5),(274,6,0,232,3,3),(275,8,1,183,1,5),(276,9,1,319,1,2),(277,8,1,24,2,6),(278,6,1,194,1,7),(279,6,1,292,3,1),(280,9,1,100,2,7),(281,8,1,340,2,7),(282,5,1,74,1,5),(283,10,1,303,1,2),(284,7,1,305,1,4),(285,8,1,206,1,7),(286,7,1,136,2,2),(287,7,1,266,2,7),(288,10,1,229,2,1),(289,8,1,307,2,1),(290,8,1,237,1,7),(291,10,0,67,3,4),(292,7,1,35,2,7),(293,7,1,96,2,4),(294,6,1,178,3,4),(295,10,1,330,1,4),(296,10,1,26,3,6),(297,6,1,139,1,3),(298,7,1,107,1,2),(299,6,1,138,1,4),(300,7,1,161,1,3),(301,6,1,356,2,5),(302,7,1,333,1,4),(303,8,1,8,1,2),(304,6,1,51,1,2),(305,9,0,120,3,7),(306,7,0,143,3,3),(307,5,1,47,1,1),(308,8,1,370,1,7),(309,7,1,60,1,3),(310,6,1,260,1,2),(311,5,1,135,2,3),(312,5,1,251,1,3),(313,6,0,185,1,2),(314,10,1,127,3,4),(315,9,1,277,1,3),(316,5,1,304,2,6),(317,5,1,147,2,1),(318,6,1,20,2,1),(319,8,1,226,1,4),(320,9,1,94,3,7),(321,5,1,261,2,2),(322,6,1,168,1,3),(323,6,1,299,1,7),(324,10,1,101,3,6),(325,8,1,312,1,7),(326,5,1,369,1,4),(327,5,1,201,1,2),(328,8,1,323,1,2),(329,9,1,238,3,2),(330,7,1,359,3,2),(331,9,1,243,1,3),(332,10,1,108,2,7),(333,10,1,4,1,2),(334,8,1,16,2,1),(335,6,1,129,3,2),(336,10,1,152,3,1),(337,8,1,347,1,4),(338,6,1,25,1,7),(339,5,1,329,2,6),(340,6,1,36,1,4),(341,10,1,148,1,6),(342,8,1,17,1,6),(343,10,1,82,1,2),(344,10,1,39,2,4),(345,5,1,181,3,1),(346,10,1,223,1,4),(347,10,1,274,1,6),(348,7,1,184,1,1),(349,7,1,58,3,1),(350,6,1,318,2,1),(351,7,1,209,2,3),(352,6,0,71,1,6),(353,7,1,46,1,7),(354,10,1,112,1,7),(355,8,1,27,1,3),(356,6,1,247,2,2),(357,10,1,348,2,2),(358,9,1,174,3,4),(359,6,1,2,3,4),(360,6,1,95,1,2),(361,7,1,219,1,1),(362,9,1,15,1,3),(363,6,1,169,2,4),(364,9,1,44,2,7),(365,7,1,145,1,5),(366,10,1,198,3,5),(367,7,0,288,1,2),(368,6,1,57,1,1),(369,9,1,130,2,3),(370,6,1,141,2,5),(371,10,1,298,1,3),(372,7,1,14,3,4),(373,7,0,285,1,2),(374,7,1,352,1,6),(375,7,1,86,3,3),(376,8,1,217,2,4);
/*!40000 ALTER TABLE `device` ENABLE KEYS */;
UNLOCK TABLES;

--
-- Table structure for table `device_has_accessory_item`
--

DROP TABLE IF EXISTS `device_has_accessory_item`;
/*!40101 SET @saved_cs_client     = @@character_set_client */;
/*!50503 SET character_set_client = utf8mb4 */;
CREATE TABLE `device_has_accessory_item` (
  `id` int unsigned NOT NULL AUTO_INCREMENT,
  `device_id` int unsigned NOT NULL,
  `accessory_item_id` int unsigned NOT NULL,
  PRIMARY KEY (`id`),
  KEY `device_has_accessory_item_device_id_idx` (`device_id`),
  KEY `device_has_accessory_item_accessory_item_id_idx` (`accessory_item_id`),
  CONSTRAINT `device_has_accessory_item_accessory_item_id` FOREIGN KEY (`accessory_item_id`) REFERENCES `accessory_item` (`id`),
  CONSTRAINT `device_has_accessory_item_device_id` FOREIGN KEY (`device_id`) REFERENCES `device` (`id`)
) ENGINE=InnoDB AUTO_INCREMENT=1112 DEFAULT CHARSET=utf8mb4 COLLATE=utf8mb4_0900_ai_ci;
/*!40101 SET character_set_client = @saved_cs_client */;

--
-- Dumping data for table `device_has_accessory_item`
--

LOCK TABLES `device_has_accessory_item` WRITE;
/*!40000 ALTER TABLE `device_has_accessory_item` DISABLE KEYS */;
INSERT INTO `device_has_accessory_item` VALUES (1,143,158),(2,337,353),(3,120,1202),(4,101,52),(5,135,1148),(6,235,100),(7,197,108),(8,372,998),(9,142,163),(10,19,1142),(11,36,1162),(12,72,929),(13,301,448),(14,149,1252),(15,321,709),(16,367,466),(17,358,708),(18,183,272),(19,326,104),(20,214,121),(21,68,752),(22,367,1126),(23,79,1086),(24,240,268),(25,300,767),(26,371,547),(27,148,1094),(28,97,42),(29,111,600),(30,38,698),(31,80,175),(32,287,512),(33,165,1144),(34,204,874),(35,100,402),(36,235,22),(37,353,374),(38,134,49),(39,156,238),(40,167,62),(41,212,1225),(42,122,997),(43,109,654),(44,126,829),(45,5,736),(46,71,1004),(47,192,565),(48,287,371),(49,363,1197),(50,266,931),(51,252,1019),(52,304,798),(53,352,400),(54,162,425),(55,160,129),(56,133,793),(57,296,701),(58,97,691),(59,34,356),(60,107,1234),(61,198,555),(62,349,801),(63,370,38),(64,240,584),(65,282,7),(66,260,91),(67,327,446),(68,179,964),(69,237,15),(70,261,198),(71,45,799),(72,56,672),(73,144,629),(74,133,2),(75,291,169),(76,324,386),(77,356,71),(78,331,994),(79,235,306),(80,43,954),(81,226,1009),(82,80,648),(83,180,913),(84,220,1138),(85,289,299),(86,370,711),(87,285,1078),(88,244,1166),(89,235,1251),(90,75,165),(91,246,911),(92,176,89),(93,176,1061),(94,253,246),(95,186,305),(96,317,12),(97,238,1024),(98,118,948),(99,318,601),(100,46,369),(101,77,690),(102,7,87),(103,327,215),(104,27,568),(105,199,180),(106,314,385),(107,126,1150),(108,45,237),(109,160,774),(110,142,1042),(111,171,766),(112,60,1068),(113,38,331),(114,96,285),(115,124,1270),(116,102,699),(117,200,225),(118,221,203),(119,317,75),(120,33,470),(121,147,1213),(122,50,475),(123,4,479),(124,3,284),(125,187,59),(126,194,634),(127,124,1211),(128,346,344),(129,318,139),(130,280,213),(131,205,85),(132,295,118),(133,222,1054),(134,39,865),(135,372,529),(136,310,892),(137,131,611),(138,132,1177),(139,266,545),(140,232,608),(141,111,68),(142,267,368),(143,53,914),(144,328,770),(145,256,647),(146,267,309),(147,138,830),(148,364,480),(149,124,1032),(150,191,1092),(151,58,888),(152,358,205),(153,236,740),(154,99,147),(155,238,702),(156,24,1231),(157,316,1028),(158,291,915),(159,341,760),(160,234,982),(161,259,936),(162,93,646),(163,269,1036),(164,216,574),(165,358,693),(166,159,1260),(167,195,1263),(168,186,21),(169,169,1118),(170,135,469),(171,280,247),(172,90,1134),(173,240,334),(174,312,1245),(175,81,154),(176,211,1165),(177,60,223),(178,294,496),(179,307,127),(180,318,1043),(181,76,61),(182,13,1050),(183,11,895),(184,273,622),(185,79,819),(186,43,1256),(187,376,34),(188,13,459),(189,303,1037),(190,318,172),(191,44,35),(192,178,558),(193,305,816),(194,134,150),(195,164,254),(196,68,1038),(197,352,364),(198,165,734),(199,122,149),(200,149,636),(201,257,232),(202,187,251),(203,182,51),(204,130,714),(205,334,445),(206,263,741),(207,107,1117),(208,357,1186),(209,104,455),(210,349,1052),(211,343,655),(212,349,1030),(213,331,1044),(214,205,775),(215,273,207),(216,371,123),(217,31,795),(218,273,585),(219,122,119),(220,71,440),(221,232,97),(222,209,769),(223,249,539),(224,12,1204),(225,21,815),(226,326,40),(227,156,399),(228,291,1072),(229,182,559),(230,189,295),(231,241,625),(232,191,83),(233,112,771),(234,314,124),(235,315,1224),(236,220,1007),(237,330,1121),(238,265,77),(239,90,109),(240,271,985),(241,69,912),(242,199,835),(243,53,1216),(244,84,381),(245,94,984),(246,11,1102),(247,36,105),(248,61,486),(249,144,530),(250,62,1110),(251,193,828),(252,323,1014),(253,3,33),(254,102,784),(255,337,958),(256,141,535),(257,279,650),(258,320,579),(259,115,397),(260,89,270),(261,30,1026),(262,331,617),(263,273,32),(264,299,853),(265,267,989),(266,97,586),(267,347,418),(268,237,398),(269,213,99),(270,87,827),(271,350,732),(272,120,310),(273,14,103),(274,126,776),(275,14,253),(276,299,624),(277,60,638),(278,336,112),(279,74,1105),(280,33,495),(281,355,90),(282,111,661),(283,336,216),(284,104,380),(285,221,88),(286,234,1033),(287,344,290),(288,36,1067),(289,223,1084),(290,274,688),(291,149,518),(292,291,594),(293,372,227),(294,2,809),(295,376,1106),(296,90,50),(297,140,652),(298,174,726),(299,7,790),(300,282,143),(301,366,291),(302,287,940),(303,319,317),(304,268,277),(305,255,684),(306,370,925),(307,30,332),(308,240,862),(309,298,725),(310,245,327),(311,319,1249),(312,341,956),(313,71,935),(314,5,192),(315,276,789),(316,127,460),(317,7,922),(318,50,37),(319,208,645),(320,182,235),(321,179,389),(322,10,848),(323,278,350),(324,308,494),(325,149,667),(326,145,1215),(327,101,602),(328,160,662),(329,295,473),(330,25,245),(331,242,523),(332,306,94),(333,256,542),(334,267,619),(335,138,393),(336,184,1101),(337,105,1081),(338,119,31),(339,338,826),(340,362,166),(341,295,468),(342,364,312),(343,98,342),(344,323,1120),(345,42,222),(346,373,64),(347,62,484),(348,295,144),(349,81,267),(350,184,294),(351,107,407),(352,240,359),(353,161,1174),(354,300,524),(355,164,131),(356,8,412),(357,266,481),(358,80,778),(359,165,546),(360,355,1233),(361,23,543),(362,20,950),(363,122,843),(364,49,382),(365,308,1269),(366,260,955),(367,112,841),(368,121,262),(369,240,189),(370,138,1128),(371,373,1131),(372,61,849),(373,246,720),(374,170,580),(375,123,630),(376,346,323),(377,353,694),(378,181,341),(379,112,687),(380,264,811),(381,105,923),(382,203,577),(383,253,373),(384,186,17),(385,16,527),(386,245,1023),(387,172,214),(388,283,933),(389,75,677),(390,154,571),(391,207,1232),(392,338,153),(393,90,656),(394,322,926),(395,314,884),(396,150,420),(397,268,975),(398,49,362),(399,70,978),(400,249,1218),(401,106,870),(402,228,183),(403,235,1001),(404,84,433),(405,163,1122),(406,233,200),(407,226,286),(408,351,482),(409,213,860),(410,68,541),(411,317,782),(412,372,951),(413,71,788),(414,359,388),(415,79,428),(416,70,107),(417,36,1170),(418,301,178),(419,336,731),(420,15,13),(421,147,644),(422,263,1104),(423,64,132),(424,174,171),(425,321,882),(426,122,885),(427,169,839),(428,371,1060),(429,98,516),(430,151,511),(431,135,664),(432,4,18),(433,37,1207),(434,291,590),(435,111,1040),(436,135,209),(437,27,1229),(438,339,1071),(439,30,138),(440,61,321),(441,81,501),(442,31,1062),(443,316,249),(444,108,74),(445,57,880),(446,251,700),(447,92,316),(448,114,349),(449,104,615),(450,65,92),(451,346,1203),(452,360,762),(453,315,396),(454,84,563),(455,86,907),(456,259,924),(457,268,221),(458,160,1074),(459,17,43),(460,297,983),(461,293,212),(462,140,537),(463,111,135),(464,94,1189),(465,133,41),(466,81,265),(467,8,231),(468,11,1140),(469,300,499),(470,188,960),(471,29,1243),(472,143,432),(473,70,658),(474,167,834),(475,289,322),(476,368,318),(477,112,612),(478,341,1198),(479,329,96),(480,167,142),(481,89,733),(482,351,1108),(483,215,525),(484,116,426),(485,196,242),(486,174,671),(487,311,616),(488,349,992),(489,208,395),(490,132,867),(491,99,675),(492,307,607),(493,320,877),(494,265,340),(495,228,372),(496,321,804),(497,48,1169),(498,339,1241),(499,267,1235),(500,291,668),(501,365,1035),(502,236,315),(503,329,1149),(504,4,974),(505,12,589),(506,135,639),(507,370,540),(508,103,255),(509,30,186),(510,351,228),(511,83,1266),(512,199,536),(513,146,881),(514,363,599),(515,121,904),(516,119,454),(517,148,422),(518,269,1268),(519,210,680),(520,103,863),(521,106,408),(522,65,1021),(523,186,236),(524,5,531),(525,164,606),(526,155,980),(527,284,507),(528,295,603),(529,346,404),(530,366,806),(531,135,587),(532,345,1183),(533,332,461),(534,89,474),(535,203,269),(536,314,1201),(537,156,593),(538,239,1192),(539,223,660),(540,273,1209),(541,233,1180),(542,123,1077),(543,342,202),(544,175,856),(545,336,472),(546,175,170),(547,342,747),(548,154,504),(549,350,730),(550,37,1161),(551,58,873),(552,243,772),(553,180,1145),(554,364,1010),(555,123,320),(556,319,765),(557,159,995),(558,202,438),(559,42,560),(560,192,497),(561,333,1248),(562,269,243),(563,280,750),(564,294,528),(565,243,1015),(566,36,375),(567,147,278),(568,212,861),(569,172,813),(570,177,1223),(571,38,1222),(572,74,665),(573,334,1220),(574,63,384),(575,222,1244),(576,55,378),(577,119,521),(578,77,1063),(579,337,211),(580,261,572),(581,198,436),(582,324,492),(583,33,410),(584,310,76),(585,362,157),(586,371,900),(587,59,429),(588,250,14),(589,4,669),(590,11,296),(591,97,932),(592,132,1242),(593,106,56),(594,82,597),(595,183,1012),(596,283,633),(597,65,1003),(598,120,780),(599,85,46),(600,228,1261),(601,310,240),(602,143,871),(603,216,343),(604,367,1039),(605,145,1155),(606,36,233),(607,166,57),(608,112,1113),(609,253,1146),(610,94,1168),(611,117,759),(612,172,1214),(613,125,1152),(614,216,1151),(615,51,1000),(616,254,141),(617,317,447),(618,158,1112),(619,272,823),(620,225,274),(621,10,902),(622,244,101),(623,55,264),(624,213,988),(625,187,898),(626,46,188),(627,32,419),(628,134,1088),(629,187,1179),(630,74,367),(631,25,583),(632,284,637),(633,115,1083),(634,98,890),(635,344,578),(636,254,229),(637,318,803),(638,134,566),(639,300,351),(640,344,837),(641,365,365),(642,341,66),(643,244,517),(644,213,945),(645,371,1070),(646,189,640),(647,206,224),(648,372,148),(649,299,557),(650,173,754),(651,255,561),(652,291,487),(653,104,832),(654,189,941),(655,94,595),(656,80,489),(657,357,266),(658,109,30),(659,211,45),(660,224,868),(661,374,1111),(662,11,575),(663,165,239),(664,195,722),(665,250,1164),(666,142,894),(667,92,430),(668,265,728),(669,273,80),(670,188,244),(671,90,697),(672,207,505),(673,202,476),(674,332,335),(675,303,10),(676,5,1196),(677,291,1217),(678,245,330),(679,90,1085),(680,302,250),(681,193,875),(682,344,887),(683,62,825),(684,346,864),(685,234,1069),(686,226,613),(687,79,477),(688,266,721),(689,214,1065),(690,269,957),(691,125,73),(692,270,1147),(693,55,1239),(694,301,146),(695,244,1178),(696,249,618),(697,178,743),(698,214,155),(699,55,872),(700,249,458),(701,345,193),(702,234,1265),(703,106,866),(704,351,79),(705,59,1238),(706,311,151),(707,123,846),(708,1,311),(709,184,24),(710,371,271),(711,98,1016),(712,359,963),(713,288,969),(714,109,737),(715,299,63),(716,85,649),(717,204,756),(718,104,300),(719,93,16),(720,233,808),(721,14,810),(722,85,582),(723,154,1029),(724,31,927),(725,105,379),(726,283,117),(727,280,1055),(728,95,917),(729,16,757),(730,18,508),(731,152,125),(732,191,916),(733,268,326),(734,339,710),(735,3,781),(736,262,1017),(737,259,946),(738,64,949),(739,174,570),(740,352,713),(741,355,692),(742,9,199),(743,260,1096),(744,254,174),(745,133,106),(746,161,53),(747,237,145),(748,332,464),(749,188,749),(750,36,632),(751,263,1114),(752,27,502),(753,183,314),(754,212,592),(755,175,450),(756,18,891),(757,178,544),(758,152,241),(759,66,918),(760,162,293),(761,283,896),(762,92,910),(763,249,421),(764,239,1157),(765,4,208),(766,304,6),(767,266,358),(768,231,483),(769,375,820),(770,48,515),(771,203,971),(772,182,554),(773,189,478),(774,361,930),(775,356,532),(776,137,1255),(777,22,275),(778,342,297),(779,353,134),(780,199,1058),(781,350,1123),(782,6,604),(783,313,128),(784,334,742),(785,126,116),(786,307,952),(787,212,441),(788,364,1200),(789,146,81),(790,70,968),(791,247,534),(792,83,168),(793,315,301),(794,331,685),(795,304,345),(796,4,337),(797,373,406),(798,260,1066),(799,93,1205),(800,281,391),(801,328,1073),(802,171,681),(803,86,281),(804,202,1236),(805,254,1153),(806,20,620),(807,343,405),(808,138,72),(809,369,962),(810,261,339),(811,192,785),(812,279,854),(813,160,761),(814,242,263),(815,355,682),(816,335,738),(817,146,850),(818,198,549),(819,246,1064),(820,283,678),(821,188,959),(822,8,812),(823,229,19),(824,93,302),(825,299,463),(826,210,635),(827,305,1163),(828,29,623),(829,197,1167),(830,107,631),(831,263,852),(832,118,500),(833,24,686),(834,344,548),(835,267,919),(836,371,943),(837,190,488),(838,100,716),(839,105,65),(840,31,234),(841,345,673),(842,325,1089),(843,82,98),(844,336,718),(845,181,137),(846,292,1031),(847,251,663),(848,232,95),(849,250,413),(850,11,181),(851,216,423),(852,286,1098),(853,297,791),(854,258,1250),(855,312,1246),(856,99,1182),(857,247,110),(858,375,777),(859,269,70),(860,211,893),(861,243,273),(862,258,78),(863,104,257),(864,347,462),(865,126,283),(866,318,838),(867,179,1),(868,159,443),(869,33,1090),(870,242,657),(871,186,292),(872,182,653),(873,298,1191),(874,109,928),(875,72,796),(876,111,111),(877,70,751),(878,160,1046),(879,156,191),(880,4,1176),(881,43,1173),(882,227,764),(883,129,133),(884,187,1181),(885,43,185),(886,208,490),(887,267,471),(888,219,746),(889,133,889),(890,242,1267),(891,109,1254),(892,174,818),(893,294,1018),(894,375,569),(895,308,122),(896,28,1005),(897,320,457),(898,292,703),(899,242,82),(900,249,453),(901,295,1264),(902,221,970),(903,203,715),(904,265,976),(905,8,69),(906,263,869),(907,217,409),(908,115,1132),(909,107,621),(910,282,596),(911,260,744),(912,255,1091),(913,307,11),(914,94,903),(915,344,1137),(916,34,822),(917,279,467),(918,288,845),(919,173,1171),(920,253,1127),(921,84,817),(922,134,627),(923,156,1095),(924,9,280),(925,85,1212),(926,50,1159),(927,7,705),(928,74,513),(929,357,1076),(930,205,886),(931,134,449),(932,73,1119),(933,239,847),(934,127,288),(935,194,1130),(936,174,938),(937,298,944),(938,129,1115),(939,295,1002),(940,210,394),(941,56,164),(942,307,939),(943,167,979),(944,149,160),(945,28,683),(946,177,1199),(947,78,991),(948,156,1247),(949,70,130),(950,329,411),(951,116,779),(952,217,717),(953,42,807),(954,325,519),(955,14,434),(956,133,29),(957,282,1226),(958,79,39),(959,346,126),(960,254,1237),(961,60,1125),(962,367,840),(963,232,136),(964,100,401),(965,320,260),(966,170,452),(967,315,5),(968,355,23),(969,333,794),(970,183,140),(971,60,220),(972,292,415),(973,282,503),(974,150,1093),(975,21,282),(976,82,522),(977,225,1129),(978,32,1193),(979,115,921),(980,114,562),(981,356,252),(982,301,1133),(983,22,1219),(984,51,897),(985,78,366),(986,289,1259),(987,209,581),(988,369,86),(989,137,588),(990,56,1262),(991,183,308),(992,7,802),(993,188,403),(994,249,261),(995,159,1158),(996,150,1124),(997,230,695),(998,124,783),(999,360,642),(1000,124,346),(1001,179,1100),(1002,347,755),(1003,182,1087),(1004,174,338),(1005,334,1175),(1006,324,899),(1007,286,706),(1008,73,773),(1009,331,758),(1010,3,1045),(1011,352,965),(1012,141,999),(1013,141,934),(1014,207,197),(1015,373,196),(1016,34,1056),(1017,373,724),(1018,335,1057),(1019,352,1139),(1020,37,383),(1021,236,990),(1022,17,1022),(1023,28,729),(1024,206,258),(1025,148,763),(1026,283,357),(1027,134,696),(1028,14,920),(1029,221,1047),(1030,71,451),(1031,60,1099),(1032,256,674),(1033,335,20),(1034,337,987),(1035,249,605),(1036,209,643),(1037,218,719),(1038,262,824),(1039,336,797),(1040,140,1103),(1041,122,387),(1042,41,676),(1043,64,437),(1044,24,1160),(1045,69,93),(1046,91,1011),(1047,322,1025),(1048,305,626),(1049,228,855),(1050,309,1013),(1051,290,307),(1052,228,1079),(1053,292,162),(1054,125,552),(1055,145,727),(1056,117,831),(1057,108,908),(1058,131,182),(1059,296,981),(1060,261,206),(1061,269,1075),(1062,97,493),(1063,305,417),(1064,91,27),(1065,293,287),(1066,142,190),(1067,67,25),(1068,296,390),(1069,69,556),(1070,4,219),(1071,164,159),(1072,15,901),(1073,4,416),(1074,177,879),(1075,245,689),(1076,134,972),(1077,72,821),(1078,253,844),(1079,341,363),(1080,19,712),(1081,155,360),(1082,89,1154),(1083,366,329),(1084,15,279),(1085,220,177),(1086,189,739),(1087,284,256),(1088,357,786),(1089,116,485),(1090,223,156),(1091,210,333),(1092,116,859),(1093,35,179),(1094,262,520),(1095,62,735),(1096,158,878),(1097,100,336),(1098,230,424),(1099,31,651),(1100,347,805),(1101,27,1195),(1102,127,753),(1103,312,858),(1104,363,1156),(1105,132,598),(1106,187,54),(1107,347,973),(1108,38,1141),(1109,256,8),(1110,196,465),(1111,134,905);
/*!40000 ALTER TABLE `device_has_accessory_item` ENABLE KEYS */;
UNLOCK TABLES;

--
-- Table structure for table `discount`
--

DROP TABLE IF EXISTS `discount`;
/*!40101 SET @saved_cs_client     = @@character_set_client */;
/*!50503 SET character_set_client = utf8mb4 */;
CREATE TABLE `discount` (
  `id` int unsigned NOT NULL AUTO_INCREMENT,
  `price_cut` int unsigned NOT NULL,
  PRIMARY KEY (`id`),
  UNIQUE KEY `price_cut_UNIQUE` (`price_cut`)
) ENGINE=InnoDB AUTO_INCREMENT=11 DEFAULT CHARSET=utf8 COLLATE=utf8_unicode_ci;
/*!40101 SET character_set_client = @saved_cs_client */;

--
-- Dumping data for table `discount`
--

LOCK TABLES `discount` WRITE;
/*!40000 ALTER TABLE `discount` DISABLE KEYS */;
INSERT INTO `discount` VALUES (1,50),(2,100),(3,150),(4,200),(5,250),(6,400),(7,500),(8,750),(9,900),(10,1000);
/*!40000 ALTER TABLE `discount` ENABLE KEYS */;
UNLOCK TABLES;

--
-- Table structure for table `game_center`
--

DROP TABLE IF EXISTS `game_center`;
/*!40101 SET @saved_cs_client     = @@character_set_client */;
/*!50503 SET character_set_client = utf8mb4 */;
CREATE TABLE `game_center` (
  `id` int unsigned NOT NULL AUTO_INCREMENT,
  `email` varchar(320) COLLATE utf8_unicode_ci NOT NULL,
  `phone_number` varchar(15) COLLATE utf8_unicode_ci NOT NULL,
  `address_id` int unsigned NOT NULL,
  PRIMARY KEY (`id`),
  KEY `fk_game_center_address_id_idx` (`address_id`),
  CONSTRAINT `fk_game_center_address_id` FOREIGN KEY (`address_id`) REFERENCES `address` (`id`)
) ENGINE=InnoDB AUTO_INCREMENT=6 DEFAULT CHARSET=utf8 COLLATE=utf8_unicode_ci;
/*!40101 SET character_set_client = @saved_cs_client */;

--
-- Dumping data for table `game_center`
--

LOCK TABLES `game_center` WRITE;
/*!40000 ALTER TABLE `game_center` DISABLE KEYS */;
INSERT INTO `game_center` VALUES (1,'mail@gamerparadise.com','78431234567',1),(2,'info@1337games.com','78431337123',2),(3,'support@gamerparadise.com','78437654321',3),(4,'mail@retroentertainment.com','74951234567 ',4),(5,'info@gamechangers.com','78437777777',5);
/*!40000 ALTER TABLE `game_center` ENABLE KEYS */;
UNLOCK TABLES;

--
-- Table structure for table `gamepad`
--

DROP TABLE IF EXISTS `gamepad`;
/*!40101 SET @saved_cs_client     = @@character_set_client */;
/*!50503 SET character_set_client = utf8mb4 */;
CREATE TABLE `gamepad` (
  `id` int unsigned NOT NULL AUTO_INCREMENT,
  `accessory_item_id` int unsigned NOT NULL,
  `gamepad_model_id` int unsigned NOT NULL,
  PRIMARY KEY (`id`),
  KEY `fk_controller_accessory_item_id_idx` (`accessory_item_id`),
  KEY `fk_gamepad_gp_model_id_idx` (`gamepad_model_id`),
  CONSTRAINT `fk_controller_accessory_item_id` FOREIGN KEY (`accessory_item_id`) REFERENCES `accessory_item` (`id`),
  CONSTRAINT `fk_gamepad_gp_model_id` FOREIGN KEY (`gamepad_model_id`) REFERENCES `gamepad_model` (`id`)
) ENGINE=InnoDB AUTO_INCREMENT=181 DEFAULT CHARSET=utf8 COLLATE=utf8_unicode_ci;
/*!40101 SET character_set_client = @saved_cs_client */;

--
-- Dumping data for table `gamepad`
--

LOCK TABLES `gamepad` WRITE;
/*!40000 ALTER TABLE `gamepad` DISABLE KEYS */;
INSERT INTO `gamepad` VALUES (1,898,17),(2,827,8),(3,835,14),(4,943,10),(5,951,3),(6,866,17),(7,790,2),(8,874,4),(9,865,7),(10,859,5),(11,806,8),(12,905,3),(13,879,7),(14,897,10),(15,796,2),(16,828,1),(17,830,4),(18,809,17),(19,911,2),(20,904,3),(21,824,14),(22,934,17),(23,846,12),(24,890,7),(25,798,10),(26,910,14),(27,833,3),(28,817,8),(29,909,1),(30,825,2),(31,869,10),(32,791,13),(33,899,4),(34,857,6),(35,843,8),(36,924,17),(37,938,7),(38,915,4),(39,848,15),(40,844,6),(41,851,4),(42,852,5),(43,822,2),(44,936,2),(45,927,10),(46,782,16),(47,850,12),(48,918,1),(49,914,7),(50,958,9),(51,892,5),(52,945,16),(53,789,4),(54,871,15),(55,952,4),(56,894,16),(57,837,12),(58,921,16),(59,842,1),(60,917,16),(61,872,16),(62,794,14),(63,932,1),(64,840,9),(65,821,5),(66,849,13),(67,922,6),(68,799,17),(69,867,13),(70,933,13),(71,788,11),(72,941,13),(73,942,15),(74,886,13),(75,860,6),(76,931,1),(77,926,3),(78,889,8),(79,858,2),(80,908,11),(81,784,17),(82,861,16),(83,841,7),(84,954,14),(85,949,4),(86,810,3),(87,883,10),(88,907,13),(89,895,14),(90,935,17),(91,803,9),(92,882,16),(93,783,13),(94,826,16),(95,906,1),(96,916,9),(97,781,13),(98,893,9),(99,807,11),(100,896,11),(101,925,6),(102,937,1),(103,948,17),(104,786,1),(105,804,1),(106,856,4),(107,797,12),(108,919,4),(109,902,10),(110,802,1),(111,959,10),(112,955,7),(113,836,10),(114,928,11),(115,813,15),(116,820,12),(117,887,10),(118,839,4),(119,939,5),(120,792,10),(121,940,17),(122,868,11),(123,953,14),(124,863,13),(125,944,15),(126,901,9),(127,881,11),(128,808,13),(129,862,8),(130,823,6),(131,929,5),(132,814,16),(133,960,8),(134,876,4),(135,800,5),(136,853,8),(137,877,12),(138,873,14),(139,888,7),(140,819,14),(141,891,17),(142,815,14),(143,855,14),(144,875,13),(145,884,5),(146,880,13),(147,816,11),(148,903,4),(149,845,16),(150,805,16),(151,831,12),(152,812,12),(153,801,11),(154,920,11),(155,930,1),(156,834,7),(157,795,11),(158,913,14),(159,829,14),(160,947,2),(161,957,17),(162,838,4),(163,900,13),(164,787,12),(165,885,10),(166,811,3),(167,956,16),(168,847,11),(169,818,7),(170,878,15),(171,912,17),(172,854,3),(173,793,8),(174,950,10),(175,946,6),(176,864,2),(177,870,6),(178,785,6),(179,832,12),(180,923,16);
/*!40000 ALTER TABLE `gamepad` ENABLE KEYS */;
UNLOCK TABLES;

--
-- Table structure for table `gamepad_model`
--

DROP TABLE IF EXISTS `gamepad_model`;
/*!40101 SET @saved_cs_client     = @@character_set_client */;
/*!50503 SET character_set_client = utf8mb4 */;
CREATE TABLE `gamepad_model` (
  `id` int unsigned NOT NULL AUTO_INCREMENT,
  `model_id` int unsigned NOT NULL,
  PRIMARY KEY (`id`),
  KEY `fk_gamepad_model_id_idx` (`model_id`),
  CONSTRAINT `fk_gamepad_model_id` FOREIGN KEY (`model_id`) REFERENCES `model` (`id`)
) ENGINE=InnoDB AUTO_INCREMENT=18 DEFAULT CHARSET=utf8;
/*!40101 SET character_set_client = @saved_cs_client */;

--
-- Dumping data for table `gamepad_model`
--

LOCK TABLES `gamepad_model` WRITE;
/*!40000 ALTER TABLE `gamepad_model` DISABLE KEYS */;
INSERT INTO `gamepad_model` VALUES (1,31),(10,31),(13,31),(16,31),(11,33),(12,33),(9,34),(5,35),(8,35),(14,35),(17,36),(15,37),(2,38),(3,38),(4,39),(7,39),(6,40);
/*!40000 ALTER TABLE `gamepad_model` ENABLE KEYS */;
UNLOCK TABLES;

--
-- Table structure for table `headphones`
--

DROP TABLE IF EXISTS `headphones`;
/*!40101 SET @saved_cs_client     = @@character_set_client */;
/*!50503 SET character_set_client = utf8mb4 */;
CREATE TABLE `headphones` (
  `id` int unsigned NOT NULL AUTO_INCREMENT,
  `accessory_item_id` int unsigned NOT NULL,
  `headphones_model_id` int unsigned NOT NULL,
  PRIMARY KEY (`id`),
  KEY `fk_headphones_accessory_item_id_idx` (`accessory_item_id`),
  KEY `fk_headphones_hp_model_id` (`headphones_model_id`),
  CONSTRAINT `fk_headphones_accessory_item_id` FOREIGN KEY (`accessory_item_id`) REFERENCES `accessory_item` (`id`),
  CONSTRAINT `fk_headphones_hp_model_id` FOREIGN KEY (`headphones_model_id`) REFERENCES `headphones_model` (`id`)
) ENGINE=InnoDB AUTO_INCREMENT=311 DEFAULT CHARSET=utf8 COLLATE=utf8_unicode_ci;
/*!40101 SET character_set_client = @saved_cs_client */;

--
-- Dumping data for table `headphones`
--

LOCK TABLES `headphones` WRITE;
/*!40000 ALTER TABLE `headphones` DISABLE KEYS */;
INSERT INTO `headphones` VALUES (1,1003,3),(2,1096,6),(3,1115,6),(4,1077,3),(5,1148,3),(6,1055,3),(7,1167,7),(8,966,4),(9,1202,1),(10,1225,1),(11,1045,1),(12,1252,2),(13,977,2),(14,1085,6),(15,1130,5),(16,1128,7),(17,1165,1),(18,996,7),(19,1038,2),(20,1059,1),(21,1265,3),(22,982,1),(23,1258,3),(24,1260,5),(25,1240,4),(26,1065,3),(27,1162,5),(28,1095,5),(29,1127,7),(30,989,4),(31,1087,7),(32,1011,2),(33,1024,2),(34,1048,7),(35,1234,7),(36,1154,1),(37,1047,2),(38,1141,6),(39,1017,4),(40,1172,3),(41,1090,6),(42,981,7),(43,1061,1),(44,980,3),(45,1168,2),(46,1066,2),(47,1067,4),(48,1135,3),(49,1083,2),(50,1107,1),(51,1267,3),(52,1266,5),(53,995,6),(54,1057,5),(55,1251,4),(56,1243,2),(57,1194,6),(58,978,6),(59,1269,1),(60,1190,3),(61,1187,1),(62,1098,4),(63,1236,3),(64,1195,7),(65,1170,6),(66,994,5),(67,1230,1),(68,1222,2),(69,1031,7),(70,1062,5),(71,1166,4),(72,970,1),(73,1004,7),(74,1145,7),(75,961,6),(76,1078,5),(77,1237,5),(78,1209,7),(79,1210,2),(80,1019,4),(81,1008,5),(82,1152,4),(83,1023,6),(84,1178,1),(85,1139,2),(86,1039,5),(87,1169,1),(88,1238,6),(89,1088,4),(90,1239,7),(91,976,4),(92,1176,3),(93,1102,3),(94,990,5),(95,1080,7),(96,1036,5),(97,1156,3),(98,1180,3),(99,1005,1),(100,1124,3),(101,1196,5),(102,1249,5),(103,1191,1),(104,1173,6),(105,1111,5),(106,1259,7),(107,1094,4),(108,1119,3),(109,962,7),(110,1126,2),(111,1231,3),(112,1136,7),(113,1108,5),(114,1125,6),(115,1181,7),(116,1161,1),(117,1104,6),(118,1012,7),(119,1257,7),(120,973,2),(121,1002,7),(122,1174,3),(123,1256,6),(124,1212,3),(125,1040,7),(126,1117,3),(127,964,7),(128,1248,3),(129,979,1),(130,1261,2),(131,1147,1),(132,983,2),(133,1245,1),(134,1208,5),(135,1132,5),(136,992,7),(137,984,2),(138,1144,3),(139,1035,4),(140,1079,6),(141,1121,5),(142,1000,4),(143,1226,2),(144,1015,7),(145,1246,3),(146,1093,6),(147,1201,1),(148,998,1),(149,1063,5),(150,1100,1),(151,963,6),(152,1069,7),(153,1163,1),(154,1113,5),(155,1263,2),(156,1224,2),(157,1250,7),(158,1058,4),(159,1072,4),(160,1206,5),(161,1025,5),(162,1034,3),(163,993,2),(164,969,2),(165,1075,4),(166,1010,4),(167,1211,2),(168,1114,2),(169,975,3),(170,1092,1),(171,1112,3),(172,1200,7),(173,1013,3),(174,1223,1),(175,1071,7),(176,1053,6),(177,1235,6),(178,1133,4),(179,1228,5),(180,1219,3),(181,1076,3),(182,1143,2),(183,1020,3),(184,987,7),(185,1203,2),(186,1177,7),(187,1242,5),(188,1052,7),(189,1120,2),(190,1123,6),(191,1046,2),(192,1171,6),(193,1054,6),(194,1254,1),(195,1214,6),(196,1268,2),(197,1109,4),(198,971,7),(199,1081,7),(200,1110,2),(201,1009,4),(202,1122,1),(203,1074,1),(204,1193,6),(205,1184,5),(206,1153,6),(207,1232,5),(208,1215,3),(209,988,5),(210,1160,7),(211,1164,1),(212,1146,6),(213,1255,2),(214,1014,2),(215,1044,3),(216,1207,2),(217,1221,5),(218,1068,5),(219,1270,1),(220,1216,6),(221,1197,5),(222,1006,5),(223,1159,4),(224,1186,7),(225,1253,2),(226,1233,6),(227,1033,6),(228,1138,5),(229,1041,3),(230,1116,2),(231,1205,1),(232,1030,7),(233,1151,5),(234,985,3),(235,1101,3),(236,1050,4),(237,1021,6),(238,1217,3),(239,1099,1),(240,1032,5),(241,1183,5),(242,1091,7),(243,1106,6),(244,1142,1),(245,1026,2),(246,968,5),(247,1244,5),(248,1262,5),(249,1247,5),(250,1241,2),(251,1086,7),(252,1189,3),(253,1150,4),(254,1149,1),(255,1043,4),(256,1060,7),(257,1082,3),(258,1001,2),(259,1028,5),(260,1157,3),(261,1131,7),(262,1097,6),(263,1175,1),(264,1042,3),(265,1158,3),(266,1064,2),(267,1103,4),(268,1188,4),(269,1179,7),(270,1204,6),(271,1029,7),(272,1084,5),(273,1027,5),(274,1134,2),(275,997,5),(276,965,1),(277,1073,3),(278,1056,1),(279,1089,6),(280,1198,3),(281,1264,6),(282,1199,4),(283,1118,6),(284,991,4),(285,986,5),(286,1129,2),(287,1192,5),(288,1229,3),(289,1220,2),(290,1137,2),(291,1227,4),(292,1185,2),(293,1007,6),(294,974,4),(295,1070,2),(296,1022,7),(297,999,3),(298,972,1),(299,1049,4),(300,1018,2),(301,1213,2),(302,1155,2),(303,1182,4),(304,1037,2),(305,1016,5),(306,1140,4),(307,967,7),(308,1218,6),(309,1051,2),(310,1105,3);
/*!40000 ALTER TABLE `headphones` ENABLE KEYS */;
UNLOCK TABLES;

--
-- Table structure for table `headphones_model`
--

DROP TABLE IF EXISTS `headphones_model`;
/*!40101 SET @saved_cs_client     = @@character_set_client */;
/*!50503 SET character_set_client = utf8mb4 */;
CREATE TABLE `headphones_model` (
  `id` int unsigned NOT NULL AUTO_INCREMENT,
  `model_id` int unsigned NOT NULL,
  PRIMARY KEY (`id`),
  KEY `fk_headphones_model_id_idx` (`model_id`),
  CONSTRAINT `fk_headphones_model_id` FOREIGN KEY (`model_id`) REFERENCES `model` (`id`)
) ENGINE=InnoDB AUTO_INCREMENT=8 DEFAULT CHARSET=utf8;
/*!40101 SET character_set_client = @saved_cs_client */;

--
-- Dumping data for table `headphones_model`
--

LOCK TABLES `headphones_model` WRITE;
/*!40000 ALTER TABLE `headphones_model` DISABLE KEYS */;
INSERT INTO `headphones_model` VALUES (6,22),(2,25),(5,25),(3,27),(1,29),(4,30),(7,30);
/*!40000 ALTER TABLE `headphones_model` ENABLE KEYS */;
UNLOCK TABLES;

--
-- Table structure for table `keyboard`
--

DROP TABLE IF EXISTS `keyboard`;
/*!40101 SET @saved_cs_client     = @@character_set_client */;
/*!50503 SET character_set_client = utf8mb4 */;
CREATE TABLE `keyboard` (
  `id` int unsigned NOT NULL AUTO_INCREMENT,
  `accessory_item_id` int unsigned NOT NULL,
  `keyboard_model_id` int unsigned NOT NULL,
  PRIMARY KEY (`id`),
  KEY `fk_keyboard_accessory_item_id_idx` (`accessory_item_id`) /*!80000 INVISIBLE */,
  KEY `fk_keybord_kb_model_id_idx` (`keyboard_model_id`),
  CONSTRAINT `fk_keyboard_accessory_item_id` FOREIGN KEY (`accessory_item_id`) REFERENCES `accessory_item` (`id`),
  CONSTRAINT `fk_keybord_kb_model_id` FOREIGN KEY (`keyboard_model_id`) REFERENCES `keybord_model` (`id`)
) ENGINE=InnoDB AUTO_INCREMENT=261 DEFAULT CHARSET=utf8 COLLATE=utf8_unicode_ci;
/*!40101 SET character_set_client = @saved_cs_client */;

--
-- Dumping data for table `keyboard`
--

LOCK TABLES `keyboard` WRITE;
/*!40000 ALTER TABLE `keyboard` DISABLE KEYS */;
INSERT INTO `keyboard` VALUES (1,669,15),(2,761,13),(3,613,4),(4,655,9),(5,617,3),(6,641,14),(7,707,11),(8,725,7),(9,670,15),(10,779,7),(11,530,9),(12,677,9),(13,566,4),(14,762,2),(15,614,7),(16,615,4),(17,676,3),(18,608,7),(19,737,5),(20,576,10),(21,598,3),(22,554,11),(23,610,7),(24,559,9),(25,543,4),(26,587,9),(27,550,8),(28,772,11),(29,686,15),(30,777,9),(31,590,6),(32,701,15),(33,694,8),(34,624,6),(35,553,9),(36,646,4),(37,563,13),(38,660,9),(39,603,5),(40,769,6),(41,704,10),(42,560,1),(43,533,15),(44,551,4),(45,668,9),(46,604,8),(47,697,5),(48,529,12),(49,727,11),(50,548,1),(51,571,12),(52,764,2),(53,573,14),(54,685,9),(55,534,10),(56,552,11),(57,735,3),(58,545,12),(59,666,14),(60,589,7),(61,622,2),(62,744,2),(63,662,4),(64,639,11),(65,527,4),(66,599,4),(67,618,12),(68,750,6),(69,562,1),(70,643,11),(71,623,11),(72,539,5),(73,658,6),(74,569,6),(75,706,8),(76,537,8),(77,627,5),(78,758,8),(79,757,15),(80,564,10),(81,547,12),(82,609,3),(83,753,4),(84,616,15),(85,743,1),(86,709,12),(87,654,11),(88,568,11),(89,601,13),(90,681,1),(91,752,8),(92,635,5),(93,522,12),(94,691,8),(95,732,11),(96,672,7),(97,778,5),(98,763,12),(99,705,15),(100,555,9),(101,652,4),(102,536,3),(103,689,4),(104,558,11),(105,528,2),(106,625,11),(107,595,1),(108,521,1),(109,726,13),(110,719,8),(111,633,12),(112,531,7),(113,612,15),(114,767,2),(115,561,2),(116,715,15),(117,720,14),(118,602,9),(119,606,1),(120,619,7),(121,754,9),(122,578,1),(123,714,15),(124,524,14),(125,629,12),(126,698,4),(127,776,6),(128,739,1),(129,535,6),(130,678,15),(131,723,1),(132,741,10),(133,675,12),(134,673,8),(135,768,9),(136,759,11),(137,745,8),(138,722,2),(139,765,14),(140,736,1),(141,700,10),(142,679,13),(143,717,6),(144,570,12),(145,702,13),(146,651,8),(147,766,3),(148,775,5),(149,781,9),(150,640,1),(151,690,11),(152,540,2),(153,721,2),(154,593,13),(155,687,1),(156,605,14),(157,631,5),(158,755,1),(159,584,12),(160,585,7),(161,751,5),(162,663,1),(163,544,6),(164,653,10),(165,549,14),(166,581,9),(167,699,4),(168,728,14),(169,780,1),(170,748,6),(171,632,2),(172,703,8),(173,774,7),(174,611,10),(175,596,11),(176,546,6),(177,716,3),(178,592,7),(179,692,12),(180,771,14),(181,749,13),(182,661,1),(183,657,7),(184,688,8),(185,588,5),(186,580,2),(187,696,4),(188,526,6),(189,650,9),(190,572,11),(191,740,7),(192,582,13),(193,760,11),(194,621,7),(195,591,9),(196,746,2),(197,756,6),(198,742,3),(199,634,15),(200,710,13),(201,648,8),(202,630,13),(203,713,11),(204,636,15),(205,680,7),(206,730,4),(207,667,15),(208,683,8),(209,523,9),(210,542,5),(211,567,11),(212,525,10),(213,656,14),(214,712,9),(215,577,6),(216,649,6),(217,682,12),(218,734,13),(219,532,1),(220,586,11),(221,600,8),(222,626,6),(223,607,6),(224,645,15),(225,565,13),(226,541,3),(227,665,6),(228,647,7),(229,637,2),(230,538,5),(231,556,1),(232,747,6),(233,671,13),(234,684,8),(235,731,13),(236,628,15),(237,773,8),(238,644,4),(239,642,9),(240,770,10),(241,708,13),(242,695,15),(243,575,3),(244,724,13),(245,638,4),(246,620,7),(247,718,6),(248,674,6),(249,733,2),(250,729,5),(251,659,6),(252,583,1),(253,738,10),(254,579,11),(255,664,1),(256,711,5),(257,693,10),(258,574,12),(259,594,10),(260,557,9);
/*!40000 ALTER TABLE `keyboard` ENABLE KEYS */;
UNLOCK TABLES;

--
-- Table structure for table `keybord_model`
--

DROP TABLE IF EXISTS `keybord_model`;
/*!40101 SET @saved_cs_client     = @@character_set_client */;
/*!50503 SET character_set_client = utf8mb4 */;
CREATE TABLE `keybord_model` (
  `id` int unsigned NOT NULL AUTO_INCREMENT,
  `model_id` int unsigned NOT NULL,
  PRIMARY KEY (`id`),
  KEY `fk_keybord_model_id_idx` (`model_id`),
  CONSTRAINT `fk_keybord_model_id` FOREIGN KEY (`model_id`) REFERENCES `model` (`id`)
) ENGINE=InnoDB AUTO_INCREMENT=16 DEFAULT CHARSET=utf8;
/*!40101 SET character_set_client = @saved_cs_client */;

--
-- Dumping data for table `keybord_model`
--

LOCK TABLES `keybord_model` WRITE;
/*!40000 ALTER TABLE `keybord_model` DISABLE KEYS */;
INSERT INTO `keybord_model` VALUES (2,41),(14,41),(7,42),(10,42),(1,43),(11,43),(12,44),(15,44),(3,45),(8,46),(13,46),(4,47),(5,48),(9,48),(6,49);
/*!40000 ALTER TABLE `keybord_model` ENABLE KEYS */;
UNLOCK TABLES;

--
-- Table structure for table `manufacturer`
--

DROP TABLE IF EXISTS `manufacturer`;
/*!40101 SET @saved_cs_client     = @@character_set_client */;
/*!50503 SET character_set_client = utf8mb4 */;
CREATE TABLE `manufacturer` (
  `id` int unsigned NOT NULL AUTO_INCREMENT,
  `name` varchar(45) NOT NULL,
  PRIMARY KEY (`id`)
) ENGINE=InnoDB AUTO_INCREMENT=8 DEFAULT CHARSET=utf8;
/*!40101 SET character_set_client = @saved_cs_client */;

--
-- Dumping data for table `manufacturer`
--

LOCK TABLES `manufacturer` WRITE;
/*!40000 ALTER TABLE `manufacturer` DISABLE KEYS */;
INSERT INTO `manufacturer` VALUES (1,'MSI'),(2,'NVIDIA'),(3,'AMD'),(4,'ASUS'),(5,'ACER'),(6,'RYZER'),(7,'BLODY');
/*!40000 ALTER TABLE `manufacturer` ENABLE KEYS */;
UNLOCK TABLES;

--
-- Table structure for table `model`
--

DROP TABLE IF EXISTS `model`;
/*!40101 SET @saved_cs_client     = @@character_set_client */;
/*!50503 SET character_set_client = utf8mb4 */;
CREATE TABLE `model` (
  `id` int unsigned NOT NULL AUTO_INCREMENT,
  `name` varchar(100) NOT NULL,
  `cost` int unsigned NOT NULL,
  `manufacturer_id` int unsigned NOT NULL,
  PRIMARY KEY (`id`),
  KEY `fk_model_manufacturer_id_idx` (`manufacturer_id`),
  CONSTRAINT `fk_model_manufacturer_id` FOREIGN KEY (`manufacturer_id`) REFERENCES `manufacturer` (`id`)
) ENGINE=InnoDB AUTO_INCREMENT=51 DEFAULT CHARSET=utf8;
/*!40101 SET character_set_client = @saved_cs_client */;

--
-- Dumping data for table `model`
--

LOCK TABLES `model` WRITE;
/*!40000 ALTER TABLE `model` DISABLE KEYS */;
INSERT INTO `model` VALUES (1,'aut',10418,3),(2,'non',78652,7),(3,'aut',12717,5),(4,'dolorem',85728,6),(5,'voluptas',67163,4),(6,'eveniet',45252,6),(7,'ratione',11184,3),(8,'reprehenderit',19092,4),(9,'et',44319,7),(10,'totam',77760,4),(11,'ut',12149,2),(12,'molestiae',15287,1),(13,'sequi',49855,7),(14,'et',96979,7),(15,'molestiae',55397,5),(16,'dolores',70447,6),(17,'earum',18363,1),(18,'porro',26668,3),(19,'eligendi',15994,3),(20,'maiores',78338,1),(21,'voluptas',10912,6),(22,'iusto',69359,4),(23,'quia',58354,7),(24,'ea',19914,2),(25,'sint',37993,2),(26,'dolore',39784,3),(27,'et',14047,4),(28,'aut',66476,4),(29,'libero',86453,6),(30,'possimus',94333,4),(31,'quidem',48160,4),(32,'quis',64068,6),(33,'saepe',66411,5),(34,'earum',43369,4),(35,'minus',50258,5),(36,'animi',95430,4),(37,'libero',22863,1),(38,'nulla',81538,2),(39,'rerum',40167,6),(40,'laboriosam',40350,7),(41,'excepturi',16670,6),(42,'perspiciatis',5590,6),(43,'magni',44762,6),(44,'veritatis',7778,6),(45,'distinctio',34648,6),(46,'harum',59642,1),(47,'qui',49611,1),(48,'alias',10689,1),(49,'cum',25646,3),(50,'voluptates',69722,5);
/*!40000 ALTER TABLE `model` ENABLE KEYS */;
UNLOCK TABLES;

--
-- Table structure for table `monitor`
--

DROP TABLE IF EXISTS `monitor`;
/*!40101 SET @saved_cs_client     = @@character_set_client */;
/*!50503 SET character_set_client = utf8mb4 */;
CREATE TABLE `monitor` (
  `id` int unsigned NOT NULL AUTO_INCREMENT,
  `accessory_item_id` int unsigned NOT NULL,
  `monitor_model_id` int unsigned NOT NULL,
  PRIMARY KEY (`id`),
  KEY `fk_monitor_accessory_item_id_idx` (`accessory_item_id`) /*!80000 INVISIBLE */,
  KEY `fk_monitor_model_id_idx` (`monitor_model_id`),
  CONSTRAINT `fk_monitor_accessory_item_id` FOREIGN KEY (`accessory_item_id`) REFERENCES `accessory_item` (`id`),
  CONSTRAINT `fk_monitor_monitor_model_id` FOREIGN KEY (`monitor_model_id`) REFERENCES `monitor_model` (`id`)
) ENGINE=InnoDB AUTO_INCREMENT=261 DEFAULT CHARSET=utf8 COLLATE=utf8_unicode_ci;
/*!40101 SET character_set_client = @saved_cs_client */;

--
-- Dumping data for table `monitor`
--

LOCK TABLES `monitor` WRITE;
/*!40000 ALTER TABLE `monitor` DISABLE KEYS */;
INSERT INTO `monitor` VALUES (1,212,6),(2,235,11),(3,61,2),(4,86,8),(5,152,1),(6,223,4),(7,45,4),(8,217,7),(9,124,8),(10,250,4),(11,33,2),(12,200,8),(13,51,8),(14,7,11),(15,180,2),(16,46,6),(17,207,6),(18,254,6),(19,136,10),(20,214,9),(21,176,7),(22,58,8),(23,208,5),(24,9,7),(25,31,7),(26,220,1),(27,165,9),(28,159,8),(29,157,10),(30,206,5),(31,15,5),(32,219,6),(33,189,7),(34,24,10),(35,213,4),(36,248,10),(37,126,9),(38,160,5),(39,23,7),(40,85,7),(41,129,3),(42,32,3),(43,36,10),(44,170,9),(45,195,2),(46,182,6),(47,146,4),(48,139,11),(49,40,4),(50,48,11),(51,196,11),(52,92,11),(53,229,7),(54,253,3),(55,125,6),(56,242,7),(57,47,7),(58,93,3),(59,11,8),(60,104,8),(61,186,3),(62,154,4),(63,241,5),(64,251,1),(65,224,1),(66,163,8),(67,171,4),(68,22,11),(69,114,5),(70,90,3),(71,56,10),(72,137,2),(73,102,10),(74,204,10),(75,54,2),(76,71,6),(77,84,3),(78,60,2),(79,197,8),(80,74,5),(81,19,2),(82,50,7),(83,203,7),(84,91,4),(85,162,9),(86,192,6),(87,52,9),(88,141,8),(89,42,11),(90,75,10),(91,20,1),(92,122,8),(93,18,5),(94,107,6),(95,210,9),(96,156,1),(97,64,5),(98,10,3),(99,27,4),(100,112,11),(101,89,5),(102,96,10),(103,173,2),(104,1,8),(105,101,5),(106,177,3),(107,188,11),(108,231,2),(109,184,11),(110,79,4),(111,127,6),(112,252,1),(113,134,8),(114,181,3),(115,95,2),(116,179,8),(117,44,9),(118,83,7),(119,37,3),(120,228,4),(121,172,8),(122,14,8),(123,117,8),(124,72,10),(125,81,2),(126,97,1),(127,237,11),(128,202,2),(129,191,5),(130,35,1),(131,236,7),(132,230,6),(133,246,9),(134,155,11),(135,55,3),(136,198,2),(137,103,6),(138,77,3),(139,240,4),(140,138,9),(141,233,10),(142,99,10),(143,147,2),(144,115,9),(145,257,5),(146,73,5),(147,175,5),(148,201,1),(149,221,8),(150,65,1),(151,174,7),(152,109,2),(153,140,11),(154,2,3),(155,142,3),(156,108,3),(157,144,10),(158,6,1),(159,76,4),(160,255,2),(161,111,4),(162,116,9),(163,63,4),(164,218,9),(165,120,4),(166,3,1),(167,178,9),(168,158,11),(169,183,9),(170,67,6),(171,244,5),(172,80,8),(173,199,7),(174,26,1),(175,70,1),(176,249,5),(177,133,11),(178,238,11),(179,119,6),(180,12,6),(181,17,2),(182,167,7),(183,225,5),(184,131,10),(185,87,11),(186,193,4),(187,13,4),(188,29,4),(189,30,2),(190,113,11),(191,194,2),(192,49,7),(193,151,9),(194,260,3),(195,209,4),(196,143,10),(197,98,11),(198,222,1),(199,135,1),(200,34,2),(201,43,8),(202,82,6),(203,245,11),(204,161,11),(205,21,10),(206,216,11),(207,41,4),(208,88,10),(209,69,11),(210,39,6),(211,243,10),(212,169,6),(213,190,2),(214,148,10),(215,234,8),(216,100,11),(217,25,2),(218,94,4),(219,128,10),(220,258,11),(221,226,3),(222,78,1),(223,16,5),(224,256,4),(225,215,8),(226,149,4),(227,239,11),(228,227,7),(229,164,5),(230,38,1),(231,5,7),(232,123,1),(233,62,11),(234,57,6),(235,110,1),(236,130,10),(237,118,11),(238,106,11),(239,153,8),(240,259,7),(241,105,8),(242,28,11),(243,168,3),(244,59,9),(245,53,4),(246,66,2),(247,4,7),(248,247,5),(249,8,11),(250,132,4),(251,205,10),(252,145,11),(253,232,5),(254,150,2),(255,121,8),(256,187,1),(257,166,9),(258,211,7),(259,185,8),(260,68,7);
/*!40000 ALTER TABLE `monitor` ENABLE KEYS */;
UNLOCK TABLES;

--
-- Table structure for table `monitor_model`
--

DROP TABLE IF EXISTS `monitor_model`;
/*!40101 SET @saved_cs_client     = @@character_set_client */;
/*!50503 SET character_set_client = utf8mb4 */;
CREATE TABLE `monitor_model` (
  `id` int unsigned NOT NULL AUTO_INCREMENT,
  `size` int unsigned NOT NULL,
  `refresh_rate` int unsigned NOT NULL,
  `model_id` int unsigned NOT NULL,
  PRIMARY KEY (`id`),
  KEY `fk_monitor_model_id_idx` (`model_id`),
  CONSTRAINT `fk_monitor_model_id` FOREIGN KEY (`model_id`) REFERENCES `model` (`id`)
) ENGINE=InnoDB AUTO_INCREMENT=12 DEFAULT CHARSET=utf8;
/*!40101 SET character_set_client = @saved_cs_client */;

--
-- Dumping data for table `monitor_model`
--

LOCK TABLES `monitor_model` WRITE;
/*!40000 ALTER TABLE `monitor_model` DISABLE KEYS */;
INSERT INTO `monitor_model` VALUES (1,24,244,7),(2,24,244,5),(3,26,75,8),(4,34,144,8),(5,28,144,3),(6,28,75,1),(7,33,244,8),(8,34,244,6),(9,29,75,6),(10,25,144,4),(11,26,144,7);
/*!40000 ALTER TABLE `monitor_model` ENABLE KEYS */;
UNLOCK TABLES;

--
-- Table structure for table `mouse`
--

DROP TABLE IF EXISTS `mouse`;
/*!40101 SET @saved_cs_client     = @@character_set_client */;
/*!50503 SET character_set_client = utf8mb4 */;
CREATE TABLE `mouse` (
  `id` int unsigned NOT NULL AUTO_INCREMENT,
  `accessory_item_id` int unsigned NOT NULL,
  `mouse_model_id` int unsigned NOT NULL,
  PRIMARY KEY (`id`),
  KEY `fk_mouse_accessory_item_id_idx` (`accessory_item_id`) /*!80000 INVISIBLE */,
  KEY `fk_mouse_model_id_idx` (`mouse_model_id`),
  CONSTRAINT `fk_mouse_accessory_item_id` FOREIGN KEY (`accessory_item_id`) REFERENCES `accessory_item` (`id`),
  CONSTRAINT `fk_mouse_mouse_model_id` FOREIGN KEY (`mouse_model_id`) REFERENCES `mouse_model` (`id`)
) ENGINE=InnoDB AUTO_INCREMENT=261 DEFAULT CHARSET=utf8 COLLATE=utf8_unicode_ci;
/*!40101 SET character_set_client = @saved_cs_client */;

--
-- Dumping data for table `mouse`
--

LOCK TABLES `mouse` WRITE;
/*!40000 ALTER TABLE `mouse` DISABLE KEYS */;
INSERT INTO `mouse` VALUES (1,277,8),(2,394,22),(3,291,10),(4,387,17),(5,437,2),(6,345,15),(7,434,12),(8,280,16),(9,481,18),(10,296,2),(11,309,9),(12,494,9),(13,438,7),(14,385,3),(15,323,19),(16,504,13),(17,455,18),(18,262,9),(19,506,6),(20,336,20),(21,357,3),(22,266,14),(23,320,20),(24,447,6),(25,363,6),(26,292,18),(27,299,20),(28,348,9),(29,450,20),(30,383,15),(31,439,11),(32,378,12),(33,349,2),(34,406,22),(35,408,5),(36,510,4),(37,390,21),(38,327,11),(39,319,13),(40,352,17),(41,276,22),(42,461,20),(43,472,7),(44,489,2),(45,287,2),(46,410,20),(47,359,5),(48,477,6),(49,380,7),(50,491,9),(51,301,18),(52,303,19),(53,288,19),(54,346,6),(55,415,11),(56,361,18),(57,393,21),(58,316,16),(59,471,19),(60,282,9),(61,370,17),(62,417,1),(63,356,7),(64,411,12),(65,452,17),(66,314,5),(67,333,7),(68,470,15),(69,486,15),(70,386,16),(71,409,7),(72,263,18),(73,449,2),(74,454,2),(75,367,8),(76,281,6),(77,285,14),(78,339,7),(79,351,9),(80,391,4),(81,476,4),(82,499,2),(83,464,22),(84,500,6),(85,475,5),(86,318,4),(87,372,19),(88,427,17),(89,310,7),(90,382,2),(91,265,1),(92,371,15),(93,503,21),(94,508,14),(95,343,11),(96,473,11),(97,286,5),(98,322,18),(99,401,16),(100,268,2),(101,261,10),(102,448,11),(103,488,8),(104,397,12),(105,297,3),(106,514,1),(107,465,6),(108,403,8),(109,295,3),(110,399,11),(111,483,5),(112,340,9),(113,392,2),(114,462,3),(115,373,21),(116,355,9),(117,347,18),(118,479,13),(119,474,21),(120,290,17),(121,308,16),(122,302,20),(123,431,10),(124,493,12),(125,264,5),(126,274,20),(127,444,10),(128,311,21),(129,516,2),(130,505,22),(131,466,15),(132,388,1),(133,424,14),(134,451,4),(135,485,20),(136,519,6),(137,317,1),(138,337,15),(139,487,16),(140,496,18),(141,312,19),(142,443,12),(143,511,17),(144,354,2),(145,362,4),(146,344,12),(147,456,9),(148,428,15),(149,440,2),(150,502,18),(151,331,10),(152,342,7),(153,509,6),(154,463,10),(155,307,13),(156,423,11),(157,433,16),(158,305,18),(159,482,6),(160,400,19),(161,441,14),(162,414,21),(163,353,1),(164,326,9),(165,300,2),(166,518,6),(167,459,12),(168,436,18),(169,389,20),(170,334,22),(171,468,16),(172,478,1),(173,420,2),(174,495,10),(175,377,16),(176,365,6),(177,492,13),(178,279,9),(179,358,13),(180,517,2),(181,376,5),(182,329,8),(183,405,21),(184,513,12),(185,284,20),(186,275,19),(187,293,1),(188,374,13),(189,332,5),(190,338,11),(191,283,22),(192,445,9),(193,407,9),(194,421,22),(195,375,5),(196,315,6),(197,379,16),(198,289,3),(199,520,22),(200,350,2),(201,369,2),(202,412,22),(203,271,1),(204,480,5),(205,267,15),(206,512,22),(207,460,16),(208,395,4),(209,364,1),(210,402,17),(211,272,8),(212,426,3),(213,278,1),(214,298,4),(215,304,8),(216,419,15),(217,469,14),(218,366,14),(219,430,10),(220,306,10),(221,497,8),(222,418,4),(223,404,22),(224,324,21),(225,381,11),(226,396,6),(227,273,5),(228,335,22),(229,457,14),(230,429,7),(231,442,5),(232,416,12),(233,507,19),(234,425,17),(235,515,5),(236,446,10),(237,467,13),(238,269,7),(239,384,15),(240,435,10),(241,330,14),(242,458,14),(243,360,11),(244,413,2),(245,453,8),(246,270,12),(247,294,8),(248,498,4),(249,325,13),(250,398,4),(251,432,14),(252,501,9),(253,490,13),(254,484,3),(255,341,3),(256,313,20),(257,422,1),(258,328,10),(259,321,16),(260,368,9);
/*!40000 ALTER TABLE `mouse` ENABLE KEYS */;
UNLOCK TABLES;

--
-- Table structure for table `mouse_model`
--

DROP TABLE IF EXISTS `mouse_model`;
/*!40101 SET @saved_cs_client     = @@character_set_client */;
/*!50503 SET character_set_client = utf8mb4 */;
CREATE TABLE `mouse_model` (
  `id` int unsigned NOT NULL AUTO_INCREMENT,
  `dpi` int unsigned NOT NULL,
  `model_id` int unsigned NOT NULL,
  PRIMARY KEY (`id`),
  KEY `fk_mouse_model_id_idx` (`model_id`),
  CONSTRAINT `fk_mouse_model_id` FOREIGN KEY (`model_id`) REFERENCES `model` (`id`)
) ENGINE=InnoDB AUTO_INCREMENT=23 DEFAULT CHARSET=utf8;
/*!40101 SET character_set_client = @saved_cs_client */;

--
-- Dumping data for table `mouse_model`
--

LOCK TABLES `mouse_model` WRITE;
/*!40000 ALTER TABLE `mouse_model` DISABLE KEYS */;
INSERT INTO `mouse_model` VALUES (1,3000,18),(2,9000,15),(3,7000,16),(4,9000,13),(5,1000,12),(6,9000,14),(7,9000,11),(8,5000,11),(9,2000,12),(10,9000,14),(11,7000,16),(12,3000,17),(13,3000,15),(14,9000,20),(15,3000,19),(16,9000,13),(17,5000,12),(18,1000,19),(19,7000,13),(20,1000,20),(21,5000,11),(22,9000,18);
/*!40000 ALTER TABLE `mouse_model` ENABLE KEYS */;
UNLOCK TABLES;

--
-- Table structure for table `order`
--

DROP TABLE IF EXISTS `order`;
/*!40101 SET @saved_cs_client     = @@character_set_client */;
/*!50503 SET character_set_client = utf8mb4 */;
CREATE TABLE `order` (
  `id` int unsigned NOT NULL AUTO_INCREMENT,
  `player_id` int unsigned NOT NULL,
  `discount_id` int unsigned DEFAULT NULL,
  `booking_id` int unsigned NOT NULL,
  PRIMARY KEY (`id`),
  KEY `player_id_UNIQUE` (`player_id`),
  KEY `fk_order_discount_id_idx` (`discount_id`),
  KEY `fk_booking_id_idx` (`booking_id`),
  CONSTRAINT `fk_booking_id` FOREIGN KEY (`booking_id`) REFERENCES `booking` (`id`),
  CONSTRAINT `fk_order_discount_id` FOREIGN KEY (`discount_id`) REFERENCES `discount` (`id`),
  CONSTRAINT `fk_order_player_id` FOREIGN KEY (`player_id`) REFERENCES `player` (`id`)
) ENGINE=InnoDB AUTO_INCREMENT=501 DEFAULT CHARSET=utf8 COLLATE=utf8_unicode_ci;
/*!40101 SET character_set_client = @saved_cs_client */;

--
-- Dumping data for table `order`
--

LOCK TABLES `order` WRITE;
/*!40000 ALTER TABLE `order` DISABLE KEYS */;
INSERT INTO `order` VALUES (1,8,5,217),(2,349,6,406),(3,451,6,61),(4,143,10,106),(5,418,8,288),(6,139,1,577),(7,116,2,554),(8,264,9,319),(9,368,10,659),(10,193,6,427),(11,355,8,403),(12,152,9,560),(13,134,7,222),(14,444,3,539),(15,224,7,15),(16,464,2,90),(17,236,8,399),(18,176,5,525),(19,314,1,242),(20,479,4,402),(21,472,2,466),(22,173,10,188),(23,198,2,334),(24,356,7,661),(25,187,4,195),(26,297,1,475),(27,484,10,477),(28,396,5,270),(29,444,9,498),(30,52,1,674),(31,432,4,363),(32,483,8,673),(33,464,7,524),(34,144,10,652),(35,99,6,590),(36,155,7,451),(37,267,7,318),(38,402,1,253),(39,338,8,692),(40,104,2,455),(41,433,7,169),(42,65,4,561),(43,227,6,165),(44,421,4,67),(45,47,5,66),(46,368,9,364),(47,338,10,3),(48,36,10,71),(49,101,2,424),(50,419,7,162),(51,74,1,469),(52,210,7,335),(53,258,6,175),(54,238,1,13),(55,457,6,281),(56,392,7,462),(57,25,10,526),(58,255,2,271),(59,57,2,457),(60,383,10,193),(61,453,10,499),(62,343,6,27),(63,412,7,680),(64,118,2,101),(65,390,6,311),(66,66,5,411),(67,106,6,382),(68,182,6,12),(69,59,10,109),(70,319,3,620),(71,144,8,415),(72,91,4,143),(73,158,2,338),(74,359,1,182),(75,396,9,131),(76,456,6,88),(77,362,9,429),(78,2,8,302),(79,311,4,662),(80,294,3,610),(81,2,7,333),(82,142,2,405),(83,330,3,184),(84,203,1,221),(85,355,7,452),(86,169,10,20),(87,460,10,360),(88,82,6,688),(89,198,9,506),(90,169,4,190),(91,236,6,204),(92,382,9,422),(93,195,10,26),(94,331,5,17),(95,66,8,108),(96,116,8,486),(97,366,2,301),(98,297,10,185),(99,104,3,115),(100,346,5,264),(101,317,9,136),(102,173,3,300),(103,286,8,608),(104,361,3,676),(105,34,5,548),(106,378,3,671),(107,32,2,697),(108,413,4,140),(109,19,9,650),(110,172,10,122),(111,476,8,40),(112,158,5,295),(113,309,2,470),(114,132,5,564),(115,268,1,274),(116,149,6,544),(117,458,3,79),(118,149,5,54),(119,301,3,257),(120,355,3,698),(121,203,5,454),(122,322,8,381),(123,144,1,545),(124,128,9,440),(125,188,7,145),(126,453,3,199),(127,423,5,233),(128,336,10,602),(129,134,1,348),(130,77,3,80),(131,204,3,640),(132,352,1,154),(133,113,8,391),(134,96,4,89),(135,404,6,355),(136,11,5,404),(137,347,1,313),(138,217,2,693),(139,46,10,8),(140,29,2,651),(141,413,1,256),(142,297,7,183),(143,464,7,278),(144,380,8,579),(145,340,9,337),(146,453,6,323),(147,333,6,38),(148,135,8,559),(149,259,8,595),(150,74,4,133),(151,98,10,479),(152,110,10,317),(153,84,4,186),(154,318,7,30),(155,17,5,660),(156,332,1,155),(157,197,8,201),(158,290,10,234),(159,70,3,663),(160,412,3,49),(161,220,9,628),(162,378,8,374),(163,277,8,275),(164,145,10,557),(165,464,2,42),(166,339,6,146),(167,414,4,541),(168,325,4,60),(169,64,7,29),(170,221,1,635),(171,301,1,325),(172,155,7,518),(173,451,3,435),(174,430,1,1),(175,377,5,272),(176,63,1,623),(177,144,3,152),(178,341,4,682),(179,114,7,34),(180,204,3,397),(181,370,5,95),(182,392,9,139),(183,80,8,605),(184,5,5,25),(185,183,7,493),(186,51,2,345),(187,374,8,616),(188,296,2,700),(189,24,10,141),(190,143,7,538),(191,313,5,303),(192,210,3,694),(193,386,3,401),(194,471,2,667),(195,389,8,555),(196,471,2,414),(197,419,2,380),(198,422,5,368),(199,161,6,277),(200,216,9,225),(201,323,1,2),(202,130,5,53),(203,445,4,127),(204,347,2,289),(205,337,6,543),(206,24,7,677),(207,281,5,33),(208,49,7,259),(209,219,1,530),(210,370,9,418),(211,450,6,568),(212,331,9,173),(213,68,8,121),(214,232,6,24),(215,351,4,654),(216,220,5,91),(217,285,3,441),(218,389,4,597),(219,421,10,187),(220,52,2,389),(221,53,10,128),(222,279,7,432),(223,286,8,86),(224,333,7,48),(225,374,1,563),(226,415,9,592),(227,381,1,189),(228,84,2,196),(229,235,6,82),(230,403,3,358),(231,247,4,74),(232,261,7,150),(233,200,3,254),(234,263,2,237),(235,224,2,307),(236,187,8,130),(237,230,1,497),(238,88,10,390),(239,259,7,482),(240,243,7,36),(241,411,9,218),(242,45,7,291),(243,377,4,114),(244,312,7,202),(245,278,1,613),(246,444,5,388),(247,38,8,249),(248,431,8,392),(249,176,3,552),(250,83,7,607),(251,60,6,305),(252,412,4,14),(253,36,9,209),(254,86,5,280),(255,27,3,515),(256,136,8,699),(257,407,5,505),(258,389,10,75),(259,203,1,59),(260,329,5,266),(261,301,2,476),(262,301,10,23),(263,107,5,262),(264,336,7,648),(265,92,9,420),(266,377,3,503),(267,289,10,215),(268,139,7,601),(269,463,9,416),(270,429,5,647),(271,109,8,409),(272,184,1,480),(273,343,9,293),(274,254,8,47),(275,132,6,636),(276,1,3,426),(277,153,5,269),(278,463,3,159),(279,340,8,599),(280,121,1,600),(281,464,7,73),(282,415,6,21),(283,414,10,283),(284,365,4,223),(285,267,2,85),(286,59,7,370),(287,185,8,251),(288,168,8,164),(289,50,5,174),(290,262,9,324),(291,281,2,153),(292,73,1,19),(293,15,7,586),(294,22,4,22),(295,126,7,433),(296,204,6,678),(297,267,3,340),(298,1,2,625),(299,472,8,166),(300,338,8,104),(301,373,9,585),(302,255,2,167),(303,97,5,239),(304,395,5,72),(305,233,3,474),(306,23,2,356),(307,481,2,197),(308,202,9,670),(309,86,10,500),(310,89,10,192),(311,123,9,517),(312,126,10,160),(313,166,3,442),(314,22,2,93),(315,36,3,102),(316,216,5,316),(317,250,10,696),(318,351,6,461),(319,62,5,9),(320,83,3,87),(321,358,4,575),(322,137,3,50),(323,289,9,535),(324,399,8,142),(325,201,4,464),(326,440,6,181),(327,262,8,540),(328,474,7,584),(329,300,8,310),(330,481,9,252),(331,381,4,617),(332,357,9,642),(333,313,3,473),(334,141,7,69),(335,180,2,488),(336,48,7,241),(337,219,5,286),(338,392,6,92),(339,421,7,213),(340,11,8,296),(341,151,10,70),(342,303,3,290),(343,448,6,481),(344,273,6,449),(345,179,8,367),(346,96,7,582),(347,256,1,400),(348,61,6,10),(349,308,8,645),(350,167,8,521),(351,55,2,208),(352,276,4,298),(353,400,10,299),(354,263,10,57),(355,109,4,96),(356,104,1,117),(357,173,2,31),(358,116,9,134),(359,206,8,39),(360,398,4,250),(361,123,5,459),(362,66,1,200),(363,85,9,668),(364,352,8,576),(365,77,10,230),(366,276,8,176),(367,471,3,125),(368,168,2,220),(369,56,10,549),(370,471,7,428),(371,49,1,376),(372,270,3,349),(373,389,8,351),(374,339,7,467),(375,254,8,594),(376,172,9,471),(377,86,6,385),(378,317,1,665),(379,7,6,353),(380,390,1,287),(381,211,7,669),(382,209,7,448),(383,287,3,346),(384,246,1,684),(385,132,6,268),(386,267,1,210),(387,8,1,604),(388,139,4,149),(389,73,6,495),(390,50,7,431),(391,483,7,653),(392,102,1,62),(393,445,1,679),(394,289,10,243),(395,79,5,562),(396,369,7,637),(397,195,6,309),(398,89,8,532),(399,381,8,478),(400,369,3,643),(401,478,3,260),(402,392,8,113),(403,216,9,312),(404,72,9,492),(405,121,3,656),(406,40,10,83),(407,403,7,624),(408,260,9,107),(409,194,5,484),(410,178,8,284),(411,464,7,472),(412,323,9,292),(413,287,5,421),(414,439,5,321),(415,140,1,352),(416,243,3,556),(417,224,3,614),(418,86,3,443),(419,437,1,632),(420,217,6,468),(421,452,4,567),(422,256,3,168),(423,275,4,297),(424,338,4,5),(425,370,1,641),(426,122,8,606),(427,328,5,509),(428,299,8,157),(429,318,4,7),(430,175,2,531),(431,62,5,119),(432,273,5,267),(433,259,5,124),(434,194,9,330),(435,378,3,378),(436,293,8,294),(437,82,1,615),(438,384,3,507),(439,451,9,609),(440,368,6,148),(441,78,10,144),(442,329,8,279),(443,177,4,569),(444,27,7,76),(445,74,4,394),(446,72,5,37),(447,40,4,589),(448,212,10,537),(449,146,9,547),(450,253,7,263),(451,151,5,683),(452,256,1,587),(453,24,8,332),(454,445,6,172),(455,355,10,232),(456,313,2,596),(457,386,8,331),(458,151,9,77),(459,343,4,633),(460,344,7,447),(461,452,7,18),(462,115,3,419),(463,282,2,626),(464,411,6,611),(465,187,8,359),(466,89,3,110),(467,153,9,527),(468,373,5,689),(469,219,5,179),(470,468,2,621),(471,98,5,407),(472,79,5,423),(473,235,1,41),(474,299,3,137),(475,400,10,198),(476,424,8,207),(477,465,3,634),(478,414,9,45),(479,92,9,373),(480,467,2,412),(481,1,5,377),(482,94,5,649),(483,275,3,236),(484,434,7,105),(485,367,4,357),(486,396,2,52),(487,153,10,519),(488,217,10,565),(489,436,9,226),(490,287,7,64),(491,466,6,566),(492,370,9,536),(493,464,10,369),(494,195,1,245),(495,373,5,180),(496,229,9,32),(497,232,4,46),(498,116,2,350),(499,84,2,58),(500,396,9,646);
/*!40000 ALTER TABLE `order` ENABLE KEYS */;
UNLOCK TABLES;

--
-- Table structure for table `person`
--

DROP TABLE IF EXISTS `person`;
/*!40101 SET @saved_cs_client     = @@character_set_client */;
/*!50503 SET character_set_client = utf8mb4 */;
CREATE TABLE `person` (
  `id` int unsigned NOT NULL AUTO_INCREMENT,
  `name` varchar(100) NOT NULL,
  `surname` varchar(100) NOT NULL,
  `email` varchar(320) NOT NULL,
  `phone_number` varchar(11) NOT NULL,
  PRIMARY KEY (`id`),
  KEY `person_index` (`phone_number`,`email`)
) ENGINE=InnoDB AUTO_INCREMENT=501 DEFAULT CHARSET=utf8mb4 COLLATE=utf8mb4_0900_ai_ci;
/*!40101 SET character_set_client = @saved_cs_client */;

--
-- Dumping data for table `person`
--

LOCK TABLES `person` WRITE;
/*!40000 ALTER TABLE `person` DISABLE KEYS */;
INSERT INTO `person` VALUES (1,'Ebba','Rodriguez','ullrich.mekhi@example.com','79540677731'),(2,'Dayana','Buckridge','kaley27@example.org','79971602848'),(3,'Keeley','McDermott','aric.rodriguez@example.net','79168423205'),(4,'Kimberly','Christiansen','lesley.thompson@example.org','79667784156'),(5,'Ivory','Satterfield','frida79@example.org','79785929781'),(6,'Aylin','Sauer','cerdman@example.net','79480219227'),(7,'Aurelio','Sipes','lela.kuphal@example.net','79659211753'),(8,'Rigoberto','Hirthe','nova25@example.com','79746817154'),(9,'River','Sauer','lemke.wilhelm@example.com','79382172333'),(10,'Nicolette','Labadie','jonatan.erdman@example.org','79671784696'),(11,'Alvena','Altenwerth','don.veum@example.com','79540424833'),(12,'Bertha','Shanahan','lou64@example.com','79250214004'),(13,'Mathew','Corwin','blangworth@example.org','79693691023'),(14,'Monroe','Beier','blanda.dayana@example.net','79814646729'),(15,'Vernice','Cremin','uboyer@example.org','79409961266'),(16,'Amely','Satterfield','nerdman@example.net','79098170127'),(17,'Sammie','Grimes','omer83@example.net','79718955511'),(18,'Gage','Bauch','jane.bradtke@example.com','79528050447'),(19,'Yasmeen','Schowalter','lawrence86@example.net','79232262272'),(20,'Vickie','Keeling','rchristiansen@example.com','79773951181'),(21,'Randal','Treutel','kennedi21@example.com','79430085407'),(22,'Scotty','Lind','mitchell.camden@example.com','79668498473'),(23,'Gaylord','Carroll','doyle.simeon@example.org','79659258257'),(24,'Marielle','Gorczany','billie79@example.com','79483524096'),(25,'Abdullah','Wehner','bosco.jermey@example.com','79456847081'),(26,'Isabell','Hessel','dschulist@example.org','79875119309'),(27,'Jennifer','Bernhard','wfisher@example.com','79355938361'),(28,'Jevon','Jacobs','lemke.asha@example.net','79868887473'),(29,'Cayla','Kling','montana.hartmann@example.com','79611441857'),(30,'Anabel','Zieme','brooklyn.auer@example.org','79611364238'),(31,'Lucas','Swaniawski','dare.beau@example.net','79889124050'),(32,'Sister','Leffler','ngislason@example.com','79175468323'),(33,'Jake','Koch','hauck.kip@example.org','79978782706'),(34,'Stella','Nienow','myrtie.daniel@example.net','79348133606'),(35,'Cristopher','Daniel','wiza.rebeka@example.net','79422854847'),(36,'Frida','Jacobson','mmorar@example.net','79899584443'),(37,'Laverna','Swift','plittle@example.net','79809157210'),(38,'Jaquelin','Goyette','matt36@example.com','79204917668'),(39,'Evan','Huel','kennith.luettgen@example.com','79440266272'),(40,'Breanne','Doyle','ethan.collins@example.org','79573771339'),(41,'Edgar','Lubowitz','kwill@example.com','79016962296'),(42,'Leonora','D\'Amore','botsford.gunnar@example.com','79212054217'),(43,'Green','Borer','ohoeger@example.net','79182416399'),(44,'Cody','Harris','alex.mann@example.com','79263495618'),(45,'Kayley','Klein','mcclure.tad@example.com','79523577178'),(46,'Aurore','Feest','brayan32@example.net','79150657780'),(47,'Petra','Zulauf','unader@example.com','79285137700'),(48,'Omer','Cormier','casper.bart@example.net','79883125062'),(49,'Adrien','Gutmann','alisa.schamberger@example.net','79231035077'),(50,'Lottie','Wolff','gconn@example.org','79029016194'),(51,'Tito','Kiehn','lakin.joany@example.org','79377190075'),(52,'Dorthy','Erdman','uriel95@example.com','79483911799'),(53,'Joanie','Anderson','tromp.philip@example.com','79036240804'),(54,'Ferne','Herzog','larson.zackery@example.com','79917608435'),(55,'Unique','Deckow','patience49@example.com','79666269403'),(56,'Dulce','Hessel','conor53@example.org','79015781790'),(57,'Gussie','Labadie','erdman.lazaro@example.org','79512694972'),(58,'Katrina','Gutkowski','zjohnston@example.org','79903517498'),(59,'Destany','Hermiston','sofia76@example.org','79016109600'),(60,'Ally','Thiel','schumm.jannie@example.com','79695588734'),(61,'Mariela','Kreiger','johnston.osborne@example.org','79283079735'),(62,'Eleanore','Mayert','nerdman@example.org','79454813450'),(63,'Noemy','Steuber','o\'keefe.jocelyn@example.org','79919830945'),(64,'Gabriel','Gaylord','stillman@example.org','79001677973'),(65,'Emie','Conroy','no\'connell@example.com','79756044945'),(66,'Chauncey','Watsica','eleanore98@example.org','79371235010'),(67,'Naomie','Ziemann','vwehner@example.com','79968994553'),(68,'Nels','Hartmann','qlarkin@example.com','79658231700'),(69,'Gregoria','Wilkinson','roosevelt60@example.org','79093166248'),(70,'Rickie','Ruecker','shakira39@example.org','79461390943'),(71,'Damaris','Jones','rolfson.hudson@example.net','79936077519'),(72,'Baby','Price','olga.rohan@example.net','79930428683'),(73,'Glenna','Spencer','maximo.mann@example.com','79518190404'),(74,'Abdiel','Watsica','simeon75@example.net','79457910560'),(75,'Simeon','Frami','abdiel26@example.org','79286521959'),(76,'Juvenal','Streich','percival.koch@example.net','79028461313'),(77,'Adaline','Feest','gibson.ike@example.net','79783724146'),(78,'Walter','Mante','catalina79@example.com','79588346206'),(79,'Kris','Quigley','gay94@example.net','79767168800'),(80,'Erwin','Marks','cora52@example.com','79779721443'),(81,'Candice','Brakus','fmetz@example.net','79653281561'),(82,'Van','Nikolaus','thompson.barton@example.net','79330274876'),(83,'Branson','Hickle','ipfannerstill@example.org','79146970883'),(84,'Shemar','Fay','alek48@example.org','79219581123'),(85,'Ozella','Anderson','diego.walsh@example.net','79106153316'),(86,'Dorothy','Adams','manuel57@example.com','79587987366'),(87,'Halie','McLaughlin','flo20@example.net','79797585730'),(88,'Ambrose','Conn','ukuhlman@example.com','79765429494'),(89,'Dovie','Ortiz','brakus.carolanne@example.org','79268141758'),(90,'Betsy','Fahey','aleuschke@example.org','79127778591'),(91,'Johnathan','Schneider','khalil44@example.org','79979712270'),(92,'Bernard','Breitenberg','esther75@example.com','79095388871'),(93,'Ellen','Cremin','raleigh.o\'keefe@example.org','79236468308'),(94,'Ottilie','Mertz','bzboncak@example.com','79740135499'),(95,'Nyasia','Ebert','mackenzie.crist@example.net','79814901593'),(96,'Sabina','Doyle','shana.ziemann@example.net','79611907386'),(97,'Pearline','Walsh','xhyatt@example.org','79008495570'),(98,'Lulu','Macejkovic','sincere.kovacek@example.com','79942527972'),(99,'Lindsey','Schuppe','dexter.kovacek@example.org','79974339934'),(100,'Celia','Bergstrom','randal.cummerata@example.net','79646664891'),(101,'Kristian','Schmitt','keebler.domenic@example.com','79629704407'),(102,'Giuseppe','Labadie','floy.powlowski@example.com','79547970114'),(103,'Charley','Mosciski','wisoky.christy@example.com','79565580764'),(104,'Bette','Wyman','floyd.predovic@example.org','79846437578'),(105,'Sophie','McClure','anissa.reinger@example.org','79292629657'),(106,'Lee','Witting','roberta94@example.net','79326263874'),(107,'Paxton','Tremblay','benton76@example.org','79766533968'),(108,'Oda','Hoppe','price41@example.net','79126911169'),(109,'Karley','Monahan','terence64@example.org','79366545636'),(110,'Ulices','Ferry','declan.fisher@example.net','79572834957'),(111,'Deshawn','Grimes','pgrimes@example.com','79127841273'),(112,'Alysha','Mante','hermina.collins@example.org','79559860226'),(113,'Mckayla','Bahringer','lisa45@example.com','79159103773'),(114,'Rashad','Douglas','edna84@example.net','79858887263'),(115,'Earnestine','Keeling','yost.evelyn@example.net','79699856778'),(116,'Kathleen','Brekke','beatty.trycia@example.net','79825202268'),(117,'Dorcas','Beier','carolanne.connelly@example.org','79918342201'),(118,'Maurice','Wunsch','gislason.karolann@example.com','79604598829'),(119,'Jadon','Bernier','kaitlyn22@example.org','79410333288'),(120,'Luciano','Auer','block.fletcher@example.net','79630093179'),(121,'Marion','Schiller','kolby.brekke@example.net','79157719860'),(122,'Dejuan','Davis','raven.konopelski@example.org','79432573955'),(123,'Haskell','Christiansen','jolson@example.org','79982644322'),(124,'Izabella','Eichmann','ryan.jayde@example.org','79250957365'),(125,'Colin','Hane','quinten40@example.net','79856398961'),(126,'Rosalyn','Ritchie','marco.muller@example.net','79798170426'),(127,'Emmy','Gusikowski','clement.kulas@example.net','79654518859'),(128,'Juston','Erdman','danial96@example.net','79497523256'),(129,'Delpha','Wilderman','krystina87@example.net','79892282153'),(130,'Joaquin','Fay','alice.o\'hara@example.net','79865143894'),(131,'Gladyce','Muller','gottlieb.sigrid@example.com','79099647305'),(132,'Mike','Legros','swelch@example.org','79616760157'),(133,'Willa','Schmidt','eileen.skiles@example.com','79098625377'),(134,'Ashly','Dietrich','jordon87@example.com','79648652350'),(135,'Libby','Hegmann','martina09@example.org','79289849335'),(136,'Claudia','Stanton','taurean.witting@example.net','79272700250'),(137,'Nils','Steuber','koelpin.lauriane@example.com','79461086726'),(138,'Bonnie','Daugherty','gnienow@example.com','79480132080'),(139,'Marcia','Kohler','caesar.hudson@example.org','79971003927'),(140,'Jo','Hansen','bailee.kertzmann@example.net','79027119527'),(141,'Kay','Willms','erica99@example.net','79035667907'),(142,'Casper','Mayer','jwatsica@example.org','79377106850'),(143,'Eula','Fisher','bo\'hara@example.com','79352645547'),(144,'Anita','Emard','leif.wolff@example.org','79625426242'),(145,'Robin','Pfannerstill','vada.graham@example.com','79819577340'),(146,'Norwood','Hahn','schulist.yvonne@example.com','79323299646'),(147,'Judd','Dickens','clovis.anderson@example.net','79840299953'),(148,'Frieda','Hand','oran.kshlerin@example.com','79955586940'),(149,'Adelia','Jacobs','serenity.emard@example.net','79655047976'),(150,'Arvel','Conroy','strosin.emelia@example.org','79191312566'),(151,'Destinee','Sanford','bradtke.arianna@example.net','79158656479'),(152,'Karley','Rempel','crystal.marks@example.com','79462161891'),(153,'Edd','Satterfield','tad86@example.net','79618265850'),(154,'Cleora','Hodkiewicz','xchamplin@example.org','79068725853'),(155,'Uriel','Kulas','daija.boyer@example.net','79627081091'),(156,'Katarina','Schumm','rsmitham@example.org','79465330786'),(157,'Dwight','Deckow','qbailey@example.com','79284759511'),(158,'Chesley','Rowe','nora08@example.org','79148514236'),(159,'Gretchen','Labadie','fweber@example.net','79362472990'),(160,'Chaz','Goodwin','gracie.abshire@example.net','79385222223'),(161,'Dax','Jacobs','corene09@example.org','79241818028'),(162,'Dangelo','Bogisich','smitham.kavon@example.com','79380700690'),(163,'Zoila','Jacobs','bertram73@example.com','79043164440'),(164,'Kiara','Mueller','cummerata.zachery@example.net','79126566826'),(165,'Eulalia','Schulist','lemke.ernest@example.net','79089223106'),(166,'Waino','Witting','rosalee.torp@example.net','79574344414'),(167,'Maurine','Wisozk','russel30@example.com','79944026993'),(168,'Michaela','Hegmann','martina.hoppe@example.org','79668565229'),(169,'Sandrine','Stanton','emanuel37@example.org','79849346671'),(170,'Trudie','Jacobi','ezra38@example.net','79362624646'),(171,'Esteban','Lynch','steve.trantow@example.net','79907678886'),(172,'Mortimer','Hodkiewicz','durgan.vladimir@example.net','79098417947'),(173,'Brayan','Johnston','howe.gracie@example.com','79340876894'),(174,'Dayne','Torp','oliver.conn@example.net','79990993157'),(175,'Gennaro','Yost','brenda34@example.net','79407564579'),(176,'Minerva','Wintheiser','tgreen@example.net','79072476769'),(177,'Barry','Stanton','mlittel@example.org','79825154212'),(178,'Dayana','Lynch','mireya.leuschke@example.org','79533624059'),(179,'Lizeth','Sauer','dkonopelski@example.net','79236696370'),(180,'Evans','Corkery','janis47@example.com','79417237424'),(181,'Erika','Hilll','cruickshank.verlie@example.org','79506939084'),(182,'Marcelina','Yundt','wboehm@example.org','79940156897'),(183,'Jaydon','Schumm','leonor.fisher@example.com','79915766905'),(184,'Delilah','Hintz','rice.trevion@example.net','79010662456'),(185,'Wilber','Sawayn','marcelle42@example.com','79219469832'),(186,'Jakayla','Bechtelar','lew.braun@example.com','79792513757'),(187,'Louie','Maggio','fidel27@example.org','79704617130'),(188,'Savanah','Cummerata','kutch.edwina@example.net','79245947117'),(189,'Alford','Hettinger','anabel.larkin@example.com','79962857426'),(190,'Jonas','Windler','ashleigh.hand@example.com','79878761376'),(191,'Kaela','Sanford','camren53@example.net','79148957624'),(192,'Carmelo','Skiles','pablo.russel@example.org','79463055036'),(193,'Kacie','Wuckert','ubaldo.walker@example.com','79526787200'),(194,'Betty','Dare','meggie.spinka@example.net','79872266574'),(195,'Santos','Murray','qrice@example.net','79367059702'),(196,'Christ','Lebsack','zachery.hirthe@example.org','79062415875'),(197,'Berry','Schaden','smith.waylon@example.org','79110652675'),(198,'Isabell','Gislason','reva57@example.org','79369020084'),(199,'Daisha','Hilll','bernhard27@example.com','79316176202'),(200,'Fritz','Medhurst','akirlin@example.net','79676265696'),(201,'Margret','Cruickshank','kennith13@example.net','79533360042'),(202,'Shania','Veum','bwest@example.org','79025974815'),(203,'Otto','Collier','valentina67@example.org','79297133915'),(204,'Narciso','Kunde','frida.hintz@example.net','79401380878'),(205,'Kelly','Stark','pagac.kaitlyn@example.net','79481289196'),(206,'Abelardo','Hoeger','nbuckridge@example.org','79587463090'),(207,'Aiyana','Gerhold','felicia88@example.net','79481121316'),(208,'Audrey','Weimann','bgerlach@example.net','79337384826'),(209,'Emmanuelle','Powlowski','wthompson@example.org','79032147644'),(210,'Arden','Rolfson','madonna.fisher@example.org','79527973323'),(211,'Delphia','Blick','lmitchell@example.com','79854756444'),(212,'Ethyl','Lesch','stephen39@example.org','79542507853'),(213,'Anna','Prohaska','stanton89@example.com','79596430581'),(214,'Rosalee','Wiegand','kristopher99@example.net','79662115502'),(215,'Marcelino','Quigley','cade08@example.net','79867039592'),(216,'Major','Goyette','streich.jazlyn@example.net','79953949213'),(217,'Jamey','Gerhold','lowe.elliot@example.com','79608847033'),(218,'Ariane','Roob','jcollier@example.org','79152086039'),(219,'Elmer','Vandervort','dax69@example.net','79539088104'),(220,'Kip','Krajcik','harvey.brown@example.com','79336365384'),(221,'Clemens','O\'Hara','jody.heidenreich@example.com','79676267143'),(222,'Arlie','Champlin','wmohr@example.net','79793006076'),(223,'Alvina','Ryan','gillian50@example.net','79293731804'),(224,'Rudolph','Parker','phaley@example.com','79618702080'),(225,'Courtney','Lang','qmaggio@example.org','79773001863'),(226,'Shyann','Bergstrom','esmeralda96@example.org','79897846961'),(227,'Hollie','Von','alexandre89@example.com','79726407150'),(228,'Dell','Dickinson','yolanda48@example.net','79731794910'),(229,'Pearl','Mraz','zlangosh@example.org','79924874813'),(230,'Maiya','Koss','usmitham@example.com','79980727096'),(231,'Brennan','Stokes','opal.roob@example.org','79215500017'),(232,'Gay','Kassulke','dexter.crooks@example.net','79709742150'),(233,'Stefanie','Howe','gfisher@example.org','79377751458'),(234,'Amanda','Mann','zoila.douglas@example.com','79888239660'),(235,'Justina','Sanford','jovanny.reynolds@example.net','79836005689'),(236,'Pearl','Streich','boyer.julien@example.org','79627246020'),(237,'Sister','Thompson','ronaldo21@example.org','79729671293'),(238,'Jada','Streich','plowe@example.org','79492409768'),(239,'Melyna','Cole','gideon19@example.net','79379437404'),(240,'Linnie','Thiel','buster.stiedemann@example.net','79102389651'),(241,'Keenan','Jacobson','beulah.barrows@example.org','79841728976'),(242,'Evalyn','Mann','ruthe18@example.org','79394664509'),(243,'Jasen','Bogisich','seffertz@example.net','79024040941'),(244,'Electa','Littel','o\'kon.osvaldo@example.net','79855114183'),(245,'Theresia','Cummings','bashirian.aiden@example.org','79932283545'),(246,'Vickie','Jacobi','lbahringer@example.com','79546370550'),(247,'Jo','O\'Connell','fmckenzie@example.com','79016044736'),(248,'Cheyenne','Satterfield','doyle.al@example.org','79695545365'),(249,'Rex','Klocko','stevie96@example.net','79666349288'),(250,'Hillard','Langosh','cyrus05@example.com','79660127945'),(251,'Israel','Eichmann','wehner.kaylee@example.com','79139767431'),(252,'Woodrow','Casper','kayden.littel@example.com','79936846568'),(253,'Corine','Boyer','pdavis@example.com','79050555385'),(254,'Kimberly','Skiles','homenick.felicia@example.com','79233066294'),(255,'Lyla','Robel','jackson44@example.net','79594263482'),(256,'Shany','McDermott','ferry.victoria@example.com','79700836357'),(257,'Willa','Dickinson','feil.dana@example.org','79790251942'),(258,'Albert','Pfannerstill','nathaniel.marks@example.com','79891839669'),(259,'Kory','Champlin','jerald04@example.com','79279705896'),(260,'Murphy','Wehner','abigayle.wilkinson@example.org','79698761188'),(261,'Grady','Emard','gpouros@example.org','79950862152'),(262,'Emanuel','Rowe','kbernier@example.org','79531826483'),(263,'Sally','Thompson','mariam21@example.org','79428977441'),(264,'Wyatt','Rippin','elmira.o\'conner@example.org','79460185874'),(265,'Pink','Kerluke','daphney.muller@example.net','79771830016'),(266,'Nelda','Eichmann','maymie33@example.net','79035795903'),(267,'Hillard','Oberbrunner','obie.graham@example.org','79150543068'),(268,'Bradly','Kohler','cgreen@example.net','79225978292'),(269,'Federico','Herman','lorenza06@example.com','79962387156'),(270,'Reed','Rutherford','saufderhar@example.org','79768325430'),(271,'Shakira','Wehner','trinity09@example.com','79797787270'),(272,'Florine','Friesen','glover.nettie@example.net','79563815673'),(273,'Enrico','Reichert','arch70@example.com','79574415422'),(274,'Alvera','Schimmel','demard@example.net','79301527211'),(275,'Myrl','Boyle','asia59@example.org','79048163645'),(276,'Norberto','Legros','abshire.damion@example.org','79625113732'),(277,'Tom','Rodriguez','baylee.waelchi@example.net','79491630670'),(278,'Ena','Steuber','brandy03@example.org','79737455762'),(279,'Roderick','Ebert','oral.goldner@example.net','79927732409'),(280,'Salma','Herzog','francesco79@example.org','79358683975'),(281,'Annabel','Stanton','reilly.kara@example.org','79059157733'),(282,'Wilson','Donnelly','jwilliamson@example.com','79962274567'),(283,'Emanuel','Hauck','muller.lavern@example.com','79112619639'),(284,'Elna','Johns','mrussel@example.org','79162422193'),(285,'Ward','Moen','nromaguera@example.net','79668701278'),(286,'Shaylee','Wehner','gottlieb.kayli@example.net','79937475056'),(287,'Lily','Gorczany','lera85@example.org','79896723411'),(288,'Thalia','Rodriguez','labadie.lawson@example.org','79174030384'),(289,'Gay','Olson','sawayn.doris@example.com','79087023248'),(290,'Genoveva','Casper','kirsten36@example.org','79192472543'),(291,'Emery','Stanton','stamm.rhianna@example.org','79704195856'),(292,'Leann','Christiansen','shad19@example.org','79851733759'),(293,'Lazaro','Douglas','schowalter.jeffrey@example.com','79112149870'),(294,'Kurtis','Lemke','bwillms@example.net','79512766996'),(295,'Mauricio','Hane','yheidenreich@example.net','79847793688'),(296,'Jameson','Prosacco','beaulah.hilpert@example.org','79576408989'),(297,'Corine','Cummerata','gbalistreri@example.com','79610473374'),(298,'Ignatius','Runte','ipowlowski@example.net','79883912458'),(299,'Abagail','Tromp','elliott.okuneva@example.com','79106917346'),(300,'Karson','Dietrich','rkling@example.net','79539097018'),(301,'Hunter','Hermiston','crooks.laurence@example.org','79782951861'),(302,'Charlotte','Orn','laverna.dickens@example.org','79663777997'),(303,'Pete','Pfannerstill','ejohnston@example.com','79853725891'),(304,'Robin','Grimes','cameron.veum@example.com','79757547375'),(305,'Gina','Kertzmann','jalon.smith@example.org','79439521207'),(306,'Demond','Lakin','monserrate.heidenreich@example.com','79416446589'),(307,'Maxie','Price','helene09@example.org','79077278386'),(308,'Angus','Langosh','zherzog@example.org','79194981210'),(309,'Connie','Bosco','dach.kiel@example.org','79290530295'),(310,'Zoey','Runte','gillian60@example.com','79266166714'),(311,'Antonette','Hermann','lind.chaya@example.net','79066768229'),(312,'Dee','Gorczany','jovany.champlin@example.net','79258854068'),(313,'Marcelina','Mohr','boyle.ottilie@example.com','79253190624'),(314,'Trinity','Wuckert','randall.jaskolski@example.org','79243917726'),(315,'Ashly','Kling','delfina37@example.net','79995740207'),(316,'Robert','Lind','yberge@example.com','79596350558'),(317,'Mason','Wuckert','rico42@example.org','79454734613'),(318,'Ashley','Hickle','heller.leslie@example.org','79471076036'),(319,'Edmund','Gorczany','elliot.rath@example.net','79392073783'),(320,'Theodore','Zemlak','braulio.strosin@example.com','79448604316'),(321,'Chris','Reynolds','mona55@example.com','79922532774'),(322,'Cletus','Turner','xdoyle@example.org','79287098961'),(323,'Keshawn','O\'Kon','darion.skiles@example.net','79915292716'),(324,'Dorris','Sawayn','xwunsch@example.org','79547190094'),(325,'Bradley','Schimmel','hand.erika@example.org','79288970709'),(326,'Paige','Abshire','nikita.king@example.org','79246524421'),(327,'Cecelia','Bednar','cordia23@example.com','79436027748'),(328,'Adolfo','Carter','dcasper@example.org','79010565059'),(329,'Nico','Okuneva','fisher.darrel@example.net','79966239764'),(330,'Kassandra','Heaney','lgoodwin@example.com','79518718941'),(331,'Jaylan','Funk','lsimonis@example.net','79289977804'),(332,'Lauryn','Ruecker','lysanne.yundt@example.org','79522942260'),(333,'Mara','Quitzon','brady.hayes@example.net','79836594071'),(334,'Zelma','Runolfsson','federico.lesch@example.net','79430070185'),(335,'Lolita','Morar','wosinski@example.com','79162490481'),(336,'Ruth','Bode','ilebsack@example.org','79013019137'),(337,'Jeramy','Corwin','misty.bahringer@example.com','79304077238'),(338,'Lamont','Rowe','sonny.konopelski@example.org','79578228095'),(339,'Keyon','Toy','sydnie42@example.org','79726271868'),(340,'Ashlee','O\'Reilly','gibson.ross@example.org','79817302213'),(341,'Ellsworth','Rohan','trantow.cristobal@example.com','79685851225'),(342,'Janice','Hauck','schumm.breanne@example.net','79397304873'),(343,'Adolph','Dare','ukub@example.org','79665759313'),(344,'Blanca','Boyer','trystan35@example.com','79301420506'),(345,'Ernesto','Bergnaum','warren77@example.org','79516742295'),(346,'Alexzander','Goodwin','ybatz@example.net','79677338450'),(347,'Alden','Brakus','efadel@example.net','79615304652'),(348,'Sunny','Larson','zframi@example.net','79452824907'),(349,'Yolanda','Kuvalis','sierra.goyette@example.com','79571255976'),(350,'Orval','Schamberger','williamson.amelia@example.com','79047510674'),(351,'Raven','Bernier','kennith70@example.org','79870157078'),(352,'Clemmie','Schimmel','esperanza90@example.org','79031857374'),(353,'Tatum','Legros','bessie60@example.net','79412416358'),(354,'Kaia','Becker','gia44@example.net','79869431245'),(355,'Frieda','Wolff','dudley48@example.org','79719819994'),(356,'Duncan','Osinski','emie56@example.org','79064158484'),(357,'Blanche','Ward','zlynch@example.org','79485037222'),(358,'Ariel','Jacobi','reinhold67@example.org','79917239672'),(359,'Earline','Batz','friedrich.tremblay@example.org','79328784440'),(360,'Gonzalo','Hudson','nelson.nikolaus@example.net','79436042454'),(361,'Claudie','Frami','carole14@example.com','79990783901'),(362,'Earnestine','Bins','else85@example.org','79972391524'),(363,'Julianne','Hettinger','torey.murray@example.org','79960075510'),(364,'Al','Heller','bashirian.armando@example.org','79527192271'),(365,'Scarlett','Crooks','cynthia.gleason@example.org','79359934852'),(366,'Emilio','Torp','hickle.gerson@example.com','79937061387'),(367,'Stephany','Fadel','ortiz.emily@example.net','79838360107'),(368,'Rebecca','Farrell','vance.ondricka@example.com','79635571635'),(369,'Odell','Breitenberg','shanel.kemmer@example.net','79077158058'),(370,'Torrey','Gerlach','runolfsson.oleta@example.net','79469660927'),(371,'Jolie','Torphy','barton.malvina@example.net','79710891829'),(372,'Rashad','Rau','keegan52@example.org','79144474745'),(373,'Hipolito','Ledner','mitchel.lemke@example.com','79823785705'),(374,'Bernice','Hudson','bergstrom.ted@example.net','79690748423'),(375,'Abdiel','Hoppe','arlo64@example.org','79205779532'),(376,'Thomas','D\'Amore','fdurgan@example.org','79741708845'),(377,'Gordon','Hammes','tkub@example.com','79917684595'),(378,'Margret','Wiegand','maia48@example.com','79176770886'),(379,'Joanie','Skiles','kemmer.breanna@example.net','79205524198'),(380,'Greta','Deckow','francis85@example.org','79405472594'),(381,'Alia','Spencer','uschimmel@example.org','79064805903'),(382,'Ivy','Fadel','deckow.hollis@example.com','79646881178'),(383,'Torey','Goyette','maggio.catherine@example.com','79593997263'),(384,'Cheyanne','Brakus','aurelie.kuhn@example.net','79792685035'),(385,'Abigayle','Hyatt','edwin46@example.com','79182772728'),(386,'Dayton','Wunsch','lorenzo.berge@example.org','79862275429'),(387,'Jett','Lockman','cartwright.elsa@example.org','79955363757'),(388,'Owen','Price','scarlett54@example.org','79130219647'),(389,'Itzel','Schmitt','ldicki@example.com','79469243905'),(390,'Dudley','Tromp','monserrate63@example.net','79104917966'),(391,'Jaiden','Powlowski','kunze.monserrat@example.net','79061123916'),(392,'Sadye','Pfannerstill','frederick.buckridge@example.com','79725037448'),(393,'Cleo','Marquardt','chaya90@example.org','79594377319'),(394,'Mack','Anderson','wendy.kilback@example.net','79814843238'),(395,'Orrin','Will','craig10@example.com','79956554323'),(396,'Marjolaine','Swaniawski','jaltenwerth@example.net','79811721236'),(397,'Loyce','Larson','cchristiansen@example.com','79424475339'),(398,'Rigoberto','Kutch','jayde95@example.org','79779387759'),(399,'Christiana','Macejkovic','elvera92@example.org','79033439820'),(400,'Delfina','Oberbrunner','hblanda@example.org','79449650876'),(401,'Kaylin','Pacocha','hayden.morissette@example.net','79151416628'),(402,'Clinton','Hahn','daphnee13@example.net','79946455436'),(403,'Janie','D\'Amore','fritchie@example.org','79318612991'),(404,'Easton','Kub','boehm.olen@example.com','79931209806'),(405,'Jess','Grady','effertz.casimer@example.com','79302081231'),(406,'Miguel','Gislason','zack79@example.com','79747225081'),(407,'Keon','Beahan','micaela.kling@example.org','79969245011'),(408,'Willow','Wisozk','koepp.curtis@example.com','79914488836'),(409,'Calista','Prohaska','branson12@example.net','79021090709'),(410,'Sydney','Jakubowski','jana.sipes@example.com','79340643628'),(411,'Sheila','Wisoky','hlabadie@example.net','79809279886'),(412,'Jon','Murazik','dwill@example.com','79139237151'),(413,'Matilde','Mohr','nova70@example.net','79066759251'),(414,'Ezequiel','Kertzmann','sigurd.schmeler@example.net','79839115978'),(415,'Lila','Senger','wilkinson.valerie@example.org','79212670474'),(416,'Greyson','Bradtke','aniyah28@example.com','79604930832'),(417,'Margarita','Anderson','earl50@example.com','79926978324'),(418,'Audreanne','Smitham','abbey.mitchell@example.net','79223676436'),(419,'Isom','Treutel','leopoldo56@example.org','79812971463'),(420,'Blanca','Franecki','brandyn.rowe@example.net','79812103219'),(421,'Wilfrid','Runte','kari76@example.net','79689311319'),(422,'Sam','Friesen','shemar44@example.com','79501646904'),(423,'Benton','Koepp','rcollins@example.net','79528243984'),(424,'Trevor','Medhurst','fadel.skylar@example.com','79446102413'),(425,'Napoleon','Rice','schamberger.chaz@example.net','79278306145'),(426,'Josefa','Cormier','vance.blanda@example.com','79885226406'),(427,'Kevin','Schmeler','aurore.schinner@example.net','79774856126'),(428,'Jerad','Schmeler','osborne.harvey@example.org','79367477701'),(429,'Tess','Huels','ardith.quitzon@example.org','79478518505'),(430,'Malika','Huel','nparisian@example.com','79419104995'),(431,'Granville','Ullrich','wendy.bins@example.org','79729631800'),(432,'Letha','Ernser','qgorczany@example.org','79160694177'),(433,'Ronaldo','Brekke','gutmann.seth@example.net','79969778743'),(434,'Dessie','Beier','nschimmel@example.org','79786851267'),(435,'Ian','Bogisich','runolfsson.paxton@example.org','79000311181'),(436,'Dianna','Fisher','nnitzsche@example.org','79350583811'),(437,'Ernestina','Stark','augusta00@example.net','79849014323'),(438,'Marge','Dicki','eriberto.williamson@example.org','79183450134'),(439,'Marge','Mayer','ebernier@example.com','79863420716'),(440,'Buford','Upton','bgutkowski@example.org','79171761777'),(441,'Norval','Wisoky','katlyn.larkin@example.org','79422509309'),(442,'Jana','Gulgowski','merritt.bartell@example.net','79875363043'),(443,'Fredrick','Schimmel','mills.delfina@example.com','79185749716'),(444,'Sigrid','Littel','nwyman@example.com','79937630892'),(445,'Dashawn','Hermiston','lura98@example.net','79267387733'),(446,'Margarete','Hammes','grayce.boyer@example.net','79442917569'),(447,'Edgar','Keeling','rkulas@example.net','79809279626'),(448,'Aaron','Nicolas','ellie.von@example.net','79039082280'),(449,'Pierre','Becker','stehr.bart@example.net','79043229119'),(450,'Simone','Shields','america24@example.com','79533644808'),(451,'Yesenia','Lindgren','pconroy@example.com','79651119013'),(452,'Jany','Armstrong','odie57@example.net','79811248319'),(453,'Laney','Bogan','afay@example.org','79670463660'),(454,'Era','Nitzsche','ara.little@example.com','79023545011'),(455,'Alysha','Schowalter','rae.bode@example.net','79761584861'),(456,'Celestino','Hessel','lynch.kenyatta@example.org','79547384959'),(457,'Thalia','Goldner','berge.maurice@example.com','79755534278'),(458,'Alana','McDermott','vidal.torphy@example.com','79747895665'),(459,'Brad','Kuvalis','frankie.lowe@example.com','79520564014'),(460,'Vallie','Rosenbaum','mallie.franecki@example.net','79743353786'),(461,'Alyson','Cremin','grimes.elsie@example.com','79605499631'),(462,'Loyce','Nitzsche','fmurphy@example.org','79067887929'),(463,'Lafayette','Johnston','hheathcote@example.com','79793206649'),(464,'Skylar','Trantow','schowalter.keyshawn@example.org','79364651310'),(465,'Camryn','Thiel','crystal80@example.org','79118443241'),(466,'Remington','McLaughlin','richard.bednar@example.org','79042960321'),(467,'Andreanne','Torphy','cristopher.lehner@example.com','79369477952'),(468,'Alexander','Adams','stoy@example.com','79880358404'),(469,'Douglas','Simonis','owolf@example.net','79335472304'),(470,'Hilton','Brakus','crist.josiane@example.com','79674942618'),(471,'Van','Wuckert','thora.kozey@example.net','79788921195'),(472,'Mariane','Parker','marlin48@example.org','79682701949'),(473,'Maxie','Okuneva','kenna.hirthe@example.net','79629912724'),(474,'Mallory','Macejkovic','schinner.maybell@example.net','79215306182'),(475,'Genevieve','Barrows','udavis@example.net','79433240002'),(476,'Loyce','Ryan','koby97@example.org','79211945595'),(477,'Brianne','Kshlerin','dee04@example.org','79227827294'),(478,'Leon','Heathcote','fspencer@example.org','79829060051'),(479,'Mikayla','Ebert','carroll.monty@example.com','79285966793'),(480,'Rozella','Bernhard','terrell.ratke@example.org','79882385442'),(481,'Filomena','Erdman','nhoeger@example.com','79036522511'),(482,'Shana','Turcotte','yo\'keefe@example.net','79646307361'),(483,'Elmer','Emard','talon70@example.net','79120057899'),(484,'Henri','Paucek','friesen.kira@example.org','79559358054'),(485,'Axel','Gaylord','eglover@example.org','79950847302'),(486,'Jeffery','Mraz','lola16@example.net','79428080343'),(487,'Edythe','Yost','bblick@example.net','79274806723'),(488,'Lyric','Stokes','koepp.gertrude@example.net','79935833475'),(489,'Aimee','Heathcote','okunze@example.org','79116670825'),(490,'Royce','Kerluke','libby62@example.org','79594999414'),(491,'Lonnie','Green','otto.hodkiewicz@example.net','79610514631'),(492,'Alison','Mills','kelvin.emard@example.com','79842653525'),(493,'Effie','Cartwright','abbott.lessie@example.com','79541529202'),(494,'Jakob','Lynch','robbie38@example.org','79173028574'),(495,'Joana','D\'Amore','roberts.myriam@example.net','79453245156'),(496,'Devante','Swift','hilma.tillman@example.org','79276252555'),(497,'Nolan','Cartwright','london05@example.org','79078768102'),(498,'Jolie','Bosco','kristina19@example.com','79080162409'),(499,'Eddie','Leuschke','bahringer.mozelle@example.net','79705642318'),(500,'Gwendolyn','Ferry','katrina64@example.com','79750979448');
/*!40000 ALTER TABLE `person` ENABLE KEYS */;
UNLOCK TABLES;

--
-- Table structure for table `platform`
--

DROP TABLE IF EXISTS `platform`;
/*!40101 SET @saved_cs_client     = @@character_set_client */;
/*!50503 SET character_set_client = utf8mb4 */;
CREATE TABLE `platform` (
  `id` int unsigned NOT NULL AUTO_INCREMENT,
  `name` varchar(50) COLLATE utf8_unicode_ci NOT NULL,
  PRIMARY KEY (`id`)
) ENGINE=InnoDB AUTO_INCREMENT=4 DEFAULT CHARSET=utf8 COLLATE=utf8_unicode_ci;
/*!40101 SET character_set_client = @saved_cs_client */;

--
-- Dumping data for table `platform`
--

LOCK TABLES `platform` WRITE;
/*!40000 ALTER TABLE `platform` DISABLE KEYS */;
INSERT INTO `platform` VALUES (1,'PC'),(2,'Console'),(3,'VR-head');
/*!40000 ALTER TABLE `platform` ENABLE KEYS */;
UNLOCK TABLES;

--
-- Table structure for table `platform_has_tariff`
--

DROP TABLE IF EXISTS `platform_has_tariff`;
/*!40101 SET @saved_cs_client     = @@character_set_client */;
/*!50503 SET character_set_client = utf8mb4 */;
CREATE TABLE `platform_has_tariff` (
  `id` int unsigned NOT NULL AUTO_INCREMENT,
  `tariff_id` int unsigned NOT NULL,
  `platform` int unsigned NOT NULL,
  PRIMARY KEY (`id`),
  KEY `fk_platform_has_tariff_tariff1_idx` (`tariff_id`),
  KEY `fk_platform_has_tariff_platform1_idx` (`platform`),
  CONSTRAINT `fk_platform_has_tariff_platform1` FOREIGN KEY (`platform`) REFERENCES `platform` (`id`),
  CONSTRAINT `fk_platform_has_tariff_tariff1` FOREIGN KEY (`tariff_id`) REFERENCES `tariff` (`id`)
) ENGINE=InnoDB AUTO_INCREMENT=41 DEFAULT CHARSET=utf8mb4 COLLATE=utf8mb4_0900_ai_ci;
/*!40101 SET character_set_client = @saved_cs_client */;

--
-- Dumping data for table `platform_has_tariff`
--

LOCK TABLES `platform_has_tariff` WRITE;
/*!40000 ALTER TABLE `platform_has_tariff` DISABLE KEYS */;
INSERT INTO `platform_has_tariff` VALUES (1,9,1),(2,8,3),(3,17,2),(4,12,2),(5,5,2),(6,19,2),(7,10,1),(8,16,1),(9,11,1),(10,10,3),(11,15,3),(12,13,2),(13,14,3),(14,19,2),(15,11,2),(16,14,3),(17,18,1),(18,20,3),(19,18,1),(20,2,1),(21,18,1),(22,16,1),(23,5,2),(24,6,2),(25,13,3),(26,11,1),(27,14,2),(28,19,3),(29,13,2),(30,12,1),(31,1,3),(32,12,2),(33,4,1),(34,19,3),(35,9,2),(36,13,2),(37,7,2),(38,19,3),(39,9,1),(40,10,1);
/*!40000 ALTER TABLE `platform_has_tariff` ENABLE KEYS */;
UNLOCK TABLES;

--
-- Table structure for table `player`
--

DROP TABLE IF EXISTS `player`;
/*!40101 SET @saved_cs_client     = @@character_set_client */;
/*!50503 SET character_set_client = utf8mb4 */;
CREATE TABLE `player` (
  `id` int unsigned NOT NULL AUTO_INCREMENT,
  `hours` int unsigned NOT NULL DEFAULT '0',
  `team_id` int unsigned DEFAULT NULL,
  `balance` int unsigned NOT NULL DEFAULT '0',
  `person_id` int unsigned NOT NULL,
  PRIMARY KEY (`id`),
  KEY `fk__player_team_id_idx` (`team_id`),
  KEY `fk_player_person1_idx` (`person_id`),
  CONSTRAINT `fk__player_team_id` FOREIGN KEY (`team_id`) REFERENCES `team` (`id`),
  CONSTRAINT `fk_player_person1` FOREIGN KEY (`person_id`) REFERENCES `person` (`id`)
) ENGINE=InnoDB AUTO_INCREMENT=485 DEFAULT CHARSET=utf8 COLLATE=utf8_unicode_ci;
/*!40101 SET character_set_client = @saved_cs_client */;

--
-- Dumping data for table `player`
--

LOCK TABLES `player` WRITE;
/*!40000 ALTER TABLE `player` DISABLE KEYS */;
INSERT INTO `player` VALUES (1,485,11,7118,270),(2,505,7,2104,27),(3,46,14,1704,419),(4,558,20,5297,250),(5,58,10,1540,322),(6,176,13,7102,319),(7,319,11,5597,428),(8,679,3,6569,369),(9,605,13,842,443),(10,715,1,510,56),(11,16,7,6454,64),(12,566,2,1043,22),(13,958,13,1936,123),(14,124,17,8255,257),(15,140,18,6709,456),(16,987,2,2054,172),(17,464,17,2603,57),(18,127,2,2570,59),(19,213,11,4264,121),(20,464,16,7398,62),(21,59,20,3140,475),(22,981,2,5037,314),(23,356,3,6214,284),(24,888,2,99,364),(25,459,7,7486,349),(26,146,16,3672,316),(27,441,10,7481,141),(28,881,12,7913,119),(29,566,4,8885,32),(30,711,10,3704,352),(31,232,13,6605,39),(32,782,5,322,350),(33,860,15,6862,283),(34,63,6,7898,265),(35,431,4,3481,302),(36,137,19,7591,310),(37,638,14,2472,61),(38,334,9,8772,97),(39,804,3,9258,329),(40,893,11,9595,100),(41,718,1,7709,480),(42,323,15,168,421),(43,542,7,9763,395),(44,657,16,3832,84),(45,688,9,2969,430),(46,165,14,9635,331),(47,356,1,7528,157),(48,3,10,3205,385),(49,428,9,9134,107),(50,294,15,5926,455),(51,740,9,8309,463),(52,158,5,469,425),(53,621,1,8847,225),(54,554,13,3432,71),(55,886,12,117,60),(56,541,19,3701,164),(57,192,12,539,415),(58,376,13,6343,170),(59,483,9,8504,128),(60,357,6,4037,133),(61,181,6,3752,371),(62,223,10,5484,444),(63,546,14,2688,298),(64,223,16,3135,130),(65,686,18,1768,169),(66,732,17,7538,24),(67,507,19,3252,414),(68,661,20,7174,35),(69,592,4,1261,382),(70,491,16,1361,116),(71,823,5,2262,492),(72,383,15,8434,462),(73,797,20,232,311),(74,840,8,1134,486),(75,72,6,8242,137),(76,544,13,9327,491),(77,529,1,6529,370),(78,531,7,7255,237),(79,73,6,7992,392),(80,128,5,329,108),(81,885,16,5894,445),(82,78,1,348,179),(83,670,16,1088,498),(84,966,14,3678,110),(85,93,17,7487,231),(86,920,19,2593,464),(87,460,12,9727,373),(88,483,15,5894,178),(89,332,1,2271,442),(90,978,12,8063,458),(91,480,1,7943,323),(92,211,1,8277,127),(93,262,18,4765,232),(94,864,4,6219,83),(95,251,2,2186,375),(96,462,9,4984,109),(97,486,6,9527,391),(98,587,9,9300,87),(99,201,10,2096,406),(100,642,13,3204,296),(101,249,19,6616,483),(102,898,18,8824,291),(103,499,11,2739,343),(104,998,6,9409,260),(105,799,7,1826,20),(106,354,5,7494,338),(107,720,3,6052,452),(108,31,9,1928,168),(109,883,20,5281,54),(110,619,13,3584,122),(111,723,16,3497,45),(112,872,6,6755,77),(113,982,20,5607,163),(114,461,4,7775,201),(115,846,14,8989,276),(116,487,12,3454,286),(117,867,14,8823,417),(118,686,7,8984,397),(119,990,20,5998,175),(120,564,17,9900,340),(121,68,1,4488,426),(122,162,7,8844,355),(123,498,12,2786,409),(124,757,8,6548,293),(125,859,5,1140,72),(126,520,16,4683,34),(127,746,18,3944,106),(128,134,10,3479,266),(129,39,15,4684,424),(130,927,10,5210,171),(131,952,16,4670,243),(132,465,7,6390,144),(133,599,6,1314,88),(134,169,17,1557,213),(135,279,12,7266,180),(136,35,2,4430,342),(137,704,8,8419,73),(138,901,4,2255,79),(139,908,19,1567,94),(140,727,18,4708,290),(141,840,10,4585,219),(142,108,13,7052,102),(143,934,20,7030,366),(144,528,5,7068,66),(145,21,20,9931,289),(146,600,4,3389,278),(147,437,2,6569,451),(148,310,15,3683,347),(149,596,20,3627,410),(150,640,12,3379,416),(151,887,12,7397,267),(152,245,2,2402,42),(153,697,2,4852,307),(154,500,5,7006,271),(155,581,15,9669,193),(156,62,4,8314,403),(157,426,16,7611,245),(158,606,8,5041,131),(159,352,8,3304,384),(160,154,12,8867,465),(161,371,9,5733,495),(162,954,16,4708,183),(163,328,11,2030,135),(164,808,10,9603,469),(165,639,20,7498,162),(166,240,1,8269,161),(167,382,20,8288,52),(168,220,13,10,55),(169,550,9,7575,499),(170,95,5,9693,148),(171,643,7,819,75),(172,405,6,8393,154),(173,692,5,3186,344),(174,244,6,8240,246),(175,242,2,4528,78),(176,636,5,3987,376),(177,261,8,4585,262),(178,40,19,4981,241),(179,744,5,7719,90),(180,666,15,3807,306),(181,25,19,4436,50),(182,815,15,2720,174),(183,241,20,3909,199),(184,130,14,8402,25),(185,310,7,102,362),(186,714,6,8666,158),(187,245,1,1824,203),(188,940,10,4379,113),(189,235,9,6374,40),(190,835,2,8821,292),(191,206,14,5740,493),(192,152,6,5603,150),(193,411,1,3067,466),(194,423,9,7885,239),(195,559,16,5321,240),(196,500,3,6150,288),(197,913,15,596,236),(198,113,9,2919,222),(199,966,9,1050,200),(200,213,14,8696,37),(201,801,16,4834,438),(202,414,12,8986,321),(203,749,12,4537,63),(204,158,18,9275,399),(205,973,17,4115,140),(206,755,9,1380,132),(207,267,15,9775,484),(208,208,7,1554,412),(209,507,15,1172,287),(210,208,8,5662,461),(211,688,10,8427,285),(212,801,19,4851,337),(213,734,5,4758,381),(214,39,20,5440,182),(215,669,8,5754,228),(216,866,6,5465,28),(217,427,16,305,198),(218,898,10,553,253),(219,895,14,8634,434),(220,851,20,2998,101),(221,370,8,459,308),(222,985,10,9654,313),(223,662,1,7433,136),(224,253,20,3846,36),(225,652,17,2378,89),(226,699,19,5858,268),(227,530,17,6956,446),(228,593,6,6758,104),(229,568,2,2287,457),(230,619,11,2155,145),(231,551,7,1037,429),(232,184,15,8100,300),(233,564,13,4566,305),(234,78,12,4570,31),(235,458,15,8399,448),(236,309,12,7816,70),(237,126,19,9788,196),(238,923,18,3126,473),(239,309,16,7073,76),(240,37,6,3977,327),(241,513,18,810,215),(242,12,11,1680,269),(243,688,20,2495,339),(244,988,10,302,378),(245,847,19,6976,103),(246,661,4,2279,229),(247,135,18,6058,379),(248,299,16,7725,192),(249,684,6,9563,29),(250,233,2,161,380),(251,868,15,9714,207),(252,367,19,2207,386),(253,619,18,2190,402),(254,925,2,573,360),(255,828,3,2539,437),(256,610,4,2110,320),(257,61,10,2155,149),(258,319,20,7816,44),(259,394,4,5371,138),(260,133,6,9677,427),(261,253,3,5500,273),(262,285,18,1784,212),(263,90,1,4982,439),(264,556,13,4678,450),(265,564,16,7980,224),(266,331,20,4551,330),(267,986,7,6117,218),(268,577,16,6130,467),(269,380,1,6139,398),(270,991,11,6159,82),(271,187,12,537,139),(272,789,10,2016,449),(273,803,13,2740,309),(274,146,10,5721,210),(275,172,5,7788,238),(276,554,20,4174,129),(277,87,9,9393,92),(278,572,19,1594,476),(279,797,17,8296,408),(280,615,13,941,422),(281,760,12,4459,405),(282,512,1,82,411),(283,939,18,7023,358),(284,556,12,9261,125),(285,802,17,780,387),(286,32,2,9230,151),(287,307,10,207,297),(288,203,4,4219,394),(289,427,4,7443,21),(290,149,9,6607,401),(291,811,1,3168,58),(292,79,11,6341,244),(293,992,6,3447,299),(294,23,15,153,197),(295,353,16,8684,114),(296,786,1,8916,242),(297,730,11,3182,436),(298,958,3,283,324),(299,619,7,6494,252),(300,565,2,7380,223),(301,965,16,4941,396),(302,518,8,6865,152),(303,693,13,6670,155),(304,552,18,1859,177),(305,919,13,5296,279),(306,529,14,3785,312),(307,381,1,3002,120),(308,284,10,4829,301),(309,543,18,5428,86),(310,957,6,8467,46),(311,580,12,7509,176),(312,577,12,7757,295),(313,10,8,4437,205),(314,72,8,9724,254),(315,714,3,7575,216),(316,608,3,5634,51),(317,130,1,9903,413),(318,599,9,6541,334),(319,956,11,673,153),(320,710,5,3425,68),(321,601,10,7738,204),(322,679,12,2455,345),(323,54,5,6437,478),(324,349,12,9560,497),(325,520,9,1446,247),(326,53,15,653,19),(327,706,11,7102,335),(328,627,4,7514,368),(329,847,8,9479,363),(330,297,14,6124,488),(331,629,12,5046,361),(332,833,13,449,214),(333,958,14,6583,485),(334,874,7,6146,303),(335,870,4,4297,202),(336,984,2,3609,333),(337,205,14,7281,388),(338,533,15,7106,234),(339,617,18,1613,407),(340,305,18,2931,115),(341,467,1,3856,341),(342,765,9,1154,99),(343,782,6,7354,16),(344,818,20,9346,124),(345,695,12,964,261),(346,780,12,3980,30),(347,167,3,7409,53),(348,227,18,3317,69),(349,262,19,5944,367),(350,369,17,4960,383),(351,527,14,5195,470),(352,597,12,2638,459),(353,937,15,3814,95),(354,649,15,2773,317),(355,635,13,9346,209),(356,626,11,7257,494),(357,393,7,4696,249),(358,853,9,6190,454),(359,866,2,7178,264),(360,917,14,2793,472),(361,263,9,473,194),(362,583,4,4327,432),(363,376,14,9618,188),(364,800,6,4515,453),(365,525,9,1249,206),(366,296,6,9177,85),(367,581,6,8546,336),(368,677,18,4365,49),(369,742,14,218,41),(370,695,1,4323,400),(371,926,15,7419,160),(372,853,10,8512,185),(373,399,12,7568,460),(374,721,7,7330,259),(375,405,8,5448,211),(376,501,3,2900,325),(377,588,6,1607,304),(378,675,1,5186,165),(379,72,2,6096,230),(380,266,20,8006,227),(381,418,4,3569,74),(382,394,6,5022,33),(383,545,18,8927,490),(384,621,5,5550,65),(385,726,10,3113,389),(386,903,20,7942,372),(387,332,6,5243,274),(388,860,14,2772,357),(389,955,6,9893,18),(390,721,18,8959,272),(391,377,19,9901,47),(392,854,4,9351,146),(393,978,20,2365,195),(394,714,17,7438,281),(395,930,14,507,167),(396,767,1,7498,489),(397,114,6,883,496),(398,46,10,6367,423),(399,212,17,9587,500),(400,645,8,3958,187),(401,336,1,1659,248),(402,650,8,4911,221),(403,429,1,3534,226),(404,706,14,3021,440),(405,697,19,624,96),(406,903,10,5281,111),(407,622,5,4999,189),(408,357,16,2393,447),(409,517,8,2206,43),(410,231,8,5300,118),(411,734,4,6530,117),(412,474,4,1337,23),(413,174,6,7436,441),(414,922,8,6445,143),(415,563,7,723,354),(416,161,15,3944,481),(417,83,12,6465,98),(418,629,6,771,134),(419,902,13,8180,112),(420,459,15,4046,390),(421,56,7,9561,186),(422,815,15,2519,468),(423,560,9,9946,393),(424,157,3,8219,173),(425,541,2,6415,105),(426,767,15,6445,294),(427,528,2,4821,356),(428,571,6,8201,328),(429,869,6,3939,374),(430,236,NULL,1023,365),(431,227,NULL,1755,348),(432,614,NULL,284,487),(433,372,NULL,9960,431),(434,361,NULL,2453,81),(435,680,NULL,2632,435),(436,193,NULL,7052,346),(437,466,NULL,2467,159),(438,239,NULL,1973,235),(439,832,NULL,458,277),(440,934,NULL,3443,482),(441,333,NULL,2644,80),(442,907,NULL,8813,251),(443,478,NULL,5626,353),(444,11,NULL,3399,418),(445,185,NULL,4949,471),(446,376,NULL,3383,191),(447,50,NULL,7025,351),(448,790,NULL,5372,420),(449,615,NULL,8677,38),(450,497,NULL,8441,67),(451,627,NULL,9794,258),(452,390,NULL,6786,326),(453,335,NULL,9444,91),(454,393,NULL,5384,233),(455,906,NULL,1901,256),(456,611,NULL,9038,184),(457,41,NULL,5492,26),(458,927,NULL,708,147),(459,361,NULL,8531,166),(460,184,NULL,8091,433),(461,757,NULL,2689,280),(462,201,NULL,6222,156),(463,408,NULL,7576,477),(464,117,NULL,9307,315),(465,152,NULL,2513,142),(466,983,NULL,281,479),(467,76,NULL,122,263),(468,98,NULL,5870,126),(469,839,NULL,8055,255),(470,441,NULL,2008,220),(471,922,NULL,1093,208),(472,674,NULL,2100,377),(473,149,NULL,7822,93),(474,42,NULL,3467,17),(475,108,NULL,7877,217),(476,674,NULL,9917,474),(477,668,NULL,4685,190),(478,791,NULL,3793,282),(479,830,NULL,4485,404),(480,847,NULL,7769,48),(481,262,NULL,8219,359),(482,415,NULL,4519,275),(483,947,NULL,5031,332),(484,889,NULL,7595,181);
/*!40000 ALTER TABLE `player` ENABLE KEYS */;
UNLOCK TABLES;

--
-- Table structure for table `player_has_discount`
--

DROP TABLE IF EXISTS `player_has_discount`;
/*!40101 SET @saved_cs_client     = @@character_set_client */;
/*!50503 SET character_set_client = utf8mb4 */;
CREATE TABLE `player_has_discount` (
  `id` int unsigned NOT NULL AUTO_INCREMENT,
  `player_id` int unsigned NOT NULL,
  `discount_id` int unsigned NOT NULL,
  PRIMARY KEY (`id`),
  KEY `fk_player_has_discount_player1_idx` (`player_id`),
  KEY `fk_player_has_discount_discount1_idx` (`discount_id`),
  CONSTRAINT `fk_player_has_discount_discount1` FOREIGN KEY (`discount_id`) REFERENCES `discount` (`id`),
  CONSTRAINT `fk_player_has_discount_player1` FOREIGN KEY (`player_id`) REFERENCES `player` (`id`)
) ENGINE=InnoDB AUTO_INCREMENT=201 DEFAULT CHARSET=utf8mb4 COLLATE=utf8mb4_0900_ai_ci;
/*!40101 SET character_set_client = @saved_cs_client */;

--
-- Dumping data for table `player_has_discount`
--

LOCK TABLES `player_has_discount` WRITE;
/*!40000 ALTER TABLE `player_has_discount` DISABLE KEYS */;
INSERT INTO `player_has_discount` VALUES (1,234,8),(2,473,10),(3,271,10),(4,259,2),(5,78,1),(6,228,1),(7,463,3),(8,341,2),(9,477,3),(10,304,2),(11,88,3),(12,171,8),(13,220,10),(14,34,2),(15,175,9),(16,189,4),(17,222,8),(18,144,2),(19,61,6),(20,422,10),(21,99,8),(22,109,9),(23,104,2),(24,273,6),(25,39,6),(26,306,6),(27,254,6),(28,406,10),(29,80,8),(30,308,1),(31,192,7),(32,89,5),(33,229,3),(34,392,6),(35,224,8),(36,433,5),(37,231,5),(38,32,8),(39,29,2),(40,288,10),(41,395,4),(42,38,2),(43,272,3),(44,157,3),(45,39,3),(46,274,2),(47,385,10),(48,101,5),(49,441,1),(50,212,2),(51,27,7),(52,398,10),(53,238,5),(54,286,7),(55,282,1),(56,87,3),(57,70,3),(58,411,10),(59,239,8),(60,211,6),(61,116,8),(62,19,9),(63,142,6),(64,87,9),(65,192,1),(66,67,9),(67,435,7),(68,340,9),(69,229,8),(70,54,4),(71,291,1),(72,61,9),(73,480,8),(74,122,7),(75,313,2),(76,63,3),(77,448,8),(78,370,6),(79,472,1),(80,221,3),(81,274,1),(82,148,4),(83,142,3),(84,369,4),(85,343,9),(86,312,8),(87,356,2),(88,88,2),(89,53,8),(90,415,3),(91,465,8),(92,13,4),(93,363,8),(94,15,2),(95,175,4),(96,387,4),(97,295,5),(98,365,6),(99,247,5),(100,105,2),(101,188,8),(102,275,8),(103,265,3),(104,124,8),(105,430,10),(106,430,6),(107,21,3),(108,19,9),(109,207,9),(110,26,4),(111,148,2),(112,352,3),(113,208,3),(114,190,10),(115,306,3),(116,459,7),(117,484,9),(118,224,7),(119,5,6),(120,316,9),(121,96,4),(122,480,7),(123,406,7),(124,427,3),(125,389,8),(126,199,5),(127,484,8),(128,202,10),(129,416,9),(130,181,1),(131,328,4),(132,446,3),(133,224,6),(134,110,8),(135,227,1),(136,243,2),(137,87,3),(138,85,1),(139,63,5),(140,341,5),(141,378,10),(142,285,9),(143,415,2),(144,178,6),(145,298,6),(146,118,6),(147,453,4),(148,126,2),(149,375,3),(150,475,4),(151,256,10),(152,183,2),(153,385,2),(154,18,6),(155,121,2),(156,416,1),(157,200,7),(158,353,10),(159,121,10),(160,153,4),(161,467,9),(162,83,9),(163,229,2),(164,311,5),(165,55,4),(166,38,7),(167,367,1),(168,38,3),(169,256,3),(170,392,2),(171,467,2),(172,413,6),(173,238,1),(174,459,4),(175,484,3),(176,136,7),(177,107,5),(178,221,10),(179,439,4),(180,415,2),(181,257,2),(182,400,1),(183,132,7),(184,192,1),(185,203,10),(186,349,9),(187,135,5),(188,320,3),(189,343,2),(190,246,2),(191,405,2),(192,391,1),(193,61,10),(194,135,3),(195,257,9),(196,419,6),(197,100,8),(198,440,7),(199,35,10),(200,16,5);
/*!40000 ALTER TABLE `player_has_discount` ENABLE KEYS */;
UNLOCK TABLES;

--
-- Table structure for table `position`
--

DROP TABLE IF EXISTS `position`;
/*!40101 SET @saved_cs_client     = @@character_set_client */;
/*!50503 SET character_set_client = utf8mb4 */;
CREATE TABLE `position` (
  `id` int unsigned NOT NULL AUTO_INCREMENT,
  `room_id` int unsigned NOT NULL,
  PRIMARY KEY (`id`),
  KEY `fk__position_room_id` (`room_id`),
  CONSTRAINT `fk__position_room_id` FOREIGN KEY (`room_id`) REFERENCES `room` (`id`) ON DELETE CASCADE ON UPDATE CASCADE
) ENGINE=InnoDB AUTO_INCREMENT=377 DEFAULT CHARSET=utf8 COLLATE=utf8_unicode_ci;
/*!40101 SET character_set_client = @saved_cs_client */;

--
-- Dumping data for table `position`
--

LOCK TABLES `position` WRITE;
/*!40000 ALTER TABLE `position` DISABLE KEYS */;
INSERT INTO `position` VALUES (1,1),(2,1),(3,1),(4,1),(5,1),(6,1),(7,1),(8,1),(9,1),(10,1),(11,2),(12,2),(13,2),(14,2),(15,2),(16,2),(17,2),(18,3),(19,3),(20,3),(21,3),(22,3),(23,4),(24,4),(25,4),(26,4),(27,4),(28,4),(29,4),(30,4),(31,4),(32,5),(33,5),(34,5),(35,5),(36,5),(37,5),(38,5),(39,5),(40,6),(41,6),(42,6),(43,6),(44,6),(45,7),(46,7),(47,7),(48,7),(49,7),(50,7),(51,7),(52,7),(53,7),(54,8),(55,8),(56,8),(57,8),(58,8),(59,8),(60,8),(61,9),(62,9),(63,9),(64,9),(65,9),(66,9),(67,9),(68,9),(69,10),(70,10),(71,10),(72,10),(73,10),(74,10),(75,11),(76,11),(77,11),(78,11),(79,11),(80,12),(81,12),(82,12),(83,12),(84,12),(85,12),(86,12),(87,12),(88,12),(89,13),(90,13),(91,13),(92,13),(93,13),(94,13),(95,13),(96,13),(97,14),(98,14),(99,14),(100,14),(101,14),(102,14),(103,14),(104,14),(105,14),(106,14),(107,15),(108,15),(109,15),(110,15),(111,15),(112,15),(113,15),(114,15),(115,15),(116,15),(117,16),(118,16),(119,16),(120,16),(121,16),(122,16),(123,17),(124,17),(125,17),(126,17),(127,17),(128,18),(129,18),(130,18),(131,18),(132,18),(133,18),(134,18),(135,18),(136,19),(137,19),(138,19),(139,19),(140,19),(141,19),(142,19),(143,19),(144,19),(145,19),(146,20),(147,20),(148,20),(149,20),(150,20),(151,20),(152,21),(153,21),(154,21),(155,21),(156,21),(157,22),(158,22),(159,22),(160,22),(161,22),(162,22),(163,23),(164,23),(165,23),(166,23),(167,23),(168,24),(169,24),(170,24),(171,24),(172,24),(173,25),(174,25),(175,25),(176,25),(177,25),(178,25),(179,26),(180,26),(181,26),(182,26),(183,26),(184,26),(185,26),(186,26),(187,26),(188,27),(189,27),(190,27),(191,27),(192,27),(193,27),(194,27),(195,27),(196,27),(197,28),(198,28),(199,28),(200,28),(201,28),(202,28),(203,28),(204,28),(205,29),(206,29),(207,29),(208,29),(209,29),(210,30),(211,30),(212,30),(213,30),(214,30),(215,30),(216,30),(217,30),(218,31),(219,31),(220,31),(221,31),(222,31),(223,31),(224,31),(225,31),(226,31),(227,32),(228,32),(229,32),(230,32),(231,32),(232,32),(233,33),(234,33),(235,33),(236,33),(237,33),(238,33),(239,33),(240,34),(241,34),(242,34),(243,34),(244,34),(245,34),(246,34),(247,34),(248,34),(249,35),(250,35),(251,35),(252,35),(253,35),(254,35),(255,35),(256,35),(257,35),(258,35),(259,36),(260,36),(261,36),(262,36),(263,36),(264,36),(265,37),(266,37),(267,37),(268,37),(269,37),(270,37),(271,37),(272,37),(273,37),(274,37),(275,38),(276,38),(277,38),(278,38),(279,38),(280,38),(281,39),(282,39),(283,39),(284,39),(285,39),(286,39),(287,40),(288,40),(289,40),(290,40),(291,40),(292,40),(293,40),(294,40),(295,40),(296,41),(297,41),(298,41),(299,41),(300,41),(301,41),(302,41),(303,41),(304,42),(305,42),(306,42),(307,42),(308,42),(309,42),(310,43),(311,43),(312,43),(313,43),(314,43),(315,43),(316,44),(317,44),(318,44),(319,44),(320,44),(321,44),(322,44),(323,44),(324,44),(325,44),(326,45),(327,45),(328,45),(329,45),(330,45),(331,46),(332,46),(333,46),(334,46),(335,46),(336,46),(337,46),(338,46),(339,46),(340,46),(341,47),(342,47),(343,47),(344,47),(345,47),(346,47),(347,47),(348,47),(349,47),(350,48),(351,48),(352,48),(353,48),(354,48),(355,48),(356,48),(357,48),(358,48),(359,49),(360,49),(361,49),(362,49),(363,49),(364,49),(365,49),(366,49),(367,49),(368,49),(369,50),(370,50),(371,50),(372,50),(373,50),(374,50),(375,50),(376,50);
/*!40000 ALTER TABLE `position` ENABLE KEYS */;
UNLOCK TABLES;

--
-- Table structure for table `room`
--

DROP TABLE IF EXISTS `room`;
/*!40101 SET @saved_cs_client     = @@character_set_client */;
/*!50503 SET character_set_client = utf8mb4 */;
CREATE TABLE `room` (
  `id` int unsigned NOT NULL AUTO_INCREMENT,
  `game_center_id` int unsigned NOT NULL,
  `admin_id` int unsigned NOT NULL,
  `capacity` int unsigned NOT NULL,
  PRIMARY KEY (`id`),
  KEY `fk__room_admin_id_idx` (`admin_id`),
  KEY `fk__room_game_center_id_idx` (`game_center_id`),
  CONSTRAINT `fk__room_admin_id` FOREIGN KEY (`admin_id`) REFERENCES `admin` (`id`) ON DELETE CASCADE ON UPDATE CASCADE,
  CONSTRAINT `fk__room_game_center_id` FOREIGN KEY (`game_center_id`) REFERENCES `game_center` (`id`)
) ENGINE=InnoDB AUTO_INCREMENT=51 DEFAULT CHARSET=utf8 COLLATE=utf8_unicode_ci;
/*!40101 SET character_set_client = @saved_cs_client */;

--
-- Dumping data for table `room`
--

LOCK TABLES `room` WRITE;
/*!40000 ALTER TABLE `room` DISABLE KEYS */;
INSERT INTO `room` VALUES (1,1,1,10),(2,1,1,7),(3,1,1,5),(4,1,2,9),(5,1,2,8),(6,1,2,5),(7,1,3,9),(8,1,3,7),(9,1,3,8),(10,1,3,6),(11,2,4,5),(12,2,4,9),(13,2,4,8),(14,2,5,10),(15,2,5,10),(16,2,5,6),(17,2,6,5),(18,2,6,8),(19,2,6,10),(20,2,6,6),(21,3,7,5),(22,3,7,6),(23,3,7,5),(24,3,8,5),(25,3,8,6),(26,3,8,9),(27,3,9,9),(28,3,9,8),(29,3,9,5),(30,3,9,8),(31,4,10,9),(32,4,10,6),(33,4,10,7),(34,4,11,9),(35,4,11,10),(36,4,11,6),(37,4,12,10),(38,4,12,6),(39,4,12,6),(40,4,12,9),(41,5,13,8),(42,5,13,6),(43,5,13,6),(44,5,14,10),(45,5,14,5),(46,5,14,10),(47,5,15,9),(48,5,15,9),(49,5,15,10),(50,5,15,8);
/*!40000 ALTER TABLE `room` ENABLE KEYS */;
UNLOCK TABLES;

--
-- Table structure for table `tariff`
--

DROP TABLE IF EXISTS `tariff`;
/*!40101 SET @saved_cs_client     = @@character_set_client */;
/*!50503 SET character_set_client = utf8mb4 */;
CREATE TABLE `tariff` (
  `id` int unsigned NOT NULL AUTO_INCREMENT,
  `name` varchar(100) COLLATE utf8_unicode_ci NOT NULL,
  `hours` int unsigned NOT NULL,
  `cost` int unsigned NOT NULL,
  PRIMARY KEY (`id`),
  UNIQUE KEY `name_UNIQUE` (`name`)
) ENGINE=InnoDB AUTO_INCREMENT=21 DEFAULT CHARSET=utf8 COLLATE=utf8_unicode_ci;
/*!40101 SET character_set_client = @saved_cs_client */;

--
-- Dumping data for table `tariff`
--

LOCK TABLES `tariff` WRITE;
/*!40000 ALTER TABLE `tariff` DISABLE KEYS */;
INSERT INTO `tariff` VALUES (1,'illum',9,1000),(2,'cumque',9,300),(3,'dicta',12,1500),(4,'alias',12,300),(5,'optio',4,500),(6,'error',12,1000),(7,'perspiciatis',9,300),(8,'voluptatem',9,700),(9,'ea',2,1000),(10,'aliquid',4,500),(11,'at',6,700),(12,'officiis',12,1000),(13,'repellat',12,1500),(14,'impedit',4,700),(15,'nisi',9,300),(16,'molestiae',9,1500),(17,'voluptas',4,1500),(18,'itaque',12,700),(19,'illo',12,1000),(20,'aspernatur',9,500);
/*!40000 ALTER TABLE `tariff` ENABLE KEYS */;
UNLOCK TABLES;

--
-- Table structure for table `team`
--

DROP TABLE IF EXISTS `team`;
/*!40101 SET @saved_cs_client     = @@character_set_client */;
/*!50503 SET character_set_client = utf8mb4 */;
CREATE TABLE `team` (
  `id` int unsigned NOT NULL AUTO_INCREMENT,
  `name` varchar(100) COLLATE utf8_unicode_ci NOT NULL,
  PRIMARY KEY (`id`),
  UNIQUE KEY `name_UNIQUE` (`name`)
) ENGINE=InnoDB AUTO_INCREMENT=21 DEFAULT CHARSET=utf8 COLLATE=utf8_unicode_ci;
/*!40101 SET character_set_client = @saved_cs_client */;

--
-- Dumping data for table `team`
--

LOCK TABLES `team` WRITE;
/*!40000 ALTER TABLE `team` DISABLE KEYS */;
INSERT INTO `team` VALUES (15,'Boring Team'),(2,'Clowns'),(3,'Cyberpunk'),(4,'Game Changers'),(9,'Graham'),(13,'Haag-Hammes'),(10,'Headshot'),(6,'Hill'),(1,'Infinity'),(19,'Jakubowich'),(16,'Killers'),(5,'Lynch'),(7,'McCullough'),(17,'Megaplayers'),(11,'Plazma'),(20,'Popcorn'),(8,'Rain'),(12,'Rath and Sons'),(18,'Vampires'),(14,'Wolves');
/*!40000 ALTER TABLE `team` ENABLE KEYS */;
UNLOCK TABLES;

--
-- Dumping routines for database 'gamecenter'
--
/*!40103 SET TIME_ZONE=@OLD_TIME_ZONE */;

/*!40101 SET SQL_MODE=@OLD_SQL_MODE */;
/*!40014 SET FOREIGN_KEY_CHECKS=@OLD_FOREIGN_KEY_CHECKS */;
/*!40014 SET UNIQUE_CHECKS=@OLD_UNIQUE_CHECKS */;
/*!40101 SET CHARACTER_SET_CLIENT=@OLD_CHARACTER_SET_CLIENT */;
/*!40101 SET CHARACTER_SET_RESULTS=@OLD_CHARACTER_SET_RESULTS */;
/*!40101 SET COLLATION_CONNECTION=@OLD_COLLATION_CONNECTION */;
/*!40111 SET SQL_NOTES=@OLD_SQL_NOTES */;

-- Dump completed on 2020-12-22 19:13:55
